hour,isWeekend,daysUntilEvent,occupancyRate,optimalMultiplier
22,0,16,0.75,1.62
4,0,57,0.11,1.01
10,0,21,0.55,1.38
3,1,5,0.42,1.46
14,0,43,0.38,1.21
12,1,39,0.41,1.34
8,0,54,0.48,1.16
12,0,17,0.46,1.21
19,0,17,0.25,1.29
21,0,13,0.95,1.83
6,0,41,0.14,1.01
14,0,16,0.79,1.41
16,1,8,0.53,1.5
6,0,27,0.42,1.23
14,0,56,0.86,1.61
9,0,32,0.89,1.62
14,0,34,0.56,1.41
18,0,16,0.65,1.68
12,0,54,0.45,1.21
15,1,3,0.16,1.32
21,1,50,0.88,1.97
23,0,15,0.82,1.56
8,0,5,0.46,1.32
2,0,12,0.42,1.25
19,1,42,0.1,1.0
1,0,31,0.64,1.41
21,0,7,0.55,1.78
20,0,37,0.71,1.61
14,0,6,0.61,1.54
18,0,37,0.86,1.81
9,0,55,0.97,1.61
17,0,11,0.24,1.0
4,0,57,0.2,1.0
14,1,54,0.25,1.13
4,1,16,0.66,1.51
13,0,1,0.66,1.78
13,1,47,0.64,1.54
21,0,11,0.69,1.63
18,0,15,0.29,1.29
18,0,20,0.84,1.81
8,1,9,0.65,1.52
14,1,60,0.75,1.52
13,0,22,0.48,1.21
16,1,1,0.37,1.78
2,1,44,0.44,1.39
1,0,50,0.09,1.03
16,0,24,0.88,1.64
5,0,60,0.29,1.0
20,0,34,0.9,1.86
9,0,56,0.08,1.0
7,0,3,0.54,1.58
4,0,53,0.3,1.0
21,0,51,0.33,1.47
11,0,48,0.17,1.05
19,0,3,0.33,1.68
15,1,3,0.66,1.77
16,0,25,0.63,1.4
4,0,43,0.18,1.05
1,0,21,0.48,1.18
14,0,41,0.28,1.04
23,0,8,0.6,1.37
1,0,41,0.97,1.59
0,1,28,0.95,1.76
19,0,17,0.87,1.85
3,1,21,0.53,1.52
11,0,18,0.19,1.0
0,0,14,0.21,1.05
19,1,25,0.11,1.44
13,1,59,0.69,1.57
13,1,16,0.01,1.0
11,0,44,0.23,1.0
7,0,49,0.9,1.55
1,1,10,0.03,1.0
2,1,0,0.22,1.56
21,0,4,0.55,1.7
0,0,56,0.81,1.56
6,0,54,0.09,1.04
22,0,60,0.69,1.63
2,0,57,0.34,1.19
0,1,11,0.55,1.51
2,0,25,0.54,1.41
13,1,39,0.32,1.39
21,1,53,0.35,1.58
2,1,22,0.23,1.12
4,0,55,0.76,1.35
17,1,6,0.16,1.27
8,1,49,0.65,1.56
3,0,20,0.18,1.0
1,1,54,0.0,1.0
13,0,7,0.72,1.54
12,0,32,0.48,1.18
16,0,13,0.68,1.35
0,0,35,0.49,1.17
0,0,21,0.79,1.36
22,0,55,0.29,1.25
23,0,38,0.14,1.04
16,0,36,0.15,1.0
17,0,22,0.77,1.43
12,0,5,0.86,1.71
18,0,43,0.4,1.48
6,1,28,0.12,1.16
2,1,21,0.79,1.51
14,0,54,0.35,1.15
2,0,40,0.84,1.56
7,1,59,0.9,1.74
12,1,25,0.34,1.36
15,1,38,0.13,1.14
9,0,20,0.97,1.55
1,0,38,0.76,1.41
21,0,46,0.58,1.7
11,1,21,0.19,1.15
8,0,31,0.44,1.23
18,0,57,0.57,1.62
15,1,41,0.55,1.57
8,0,39,0.53,1.4
19,0,19,0.58,1.69
8,1,40,0.75,1.56
23,0,22,0.58,1.44
18,1,58,0.48,1.58
20,0,21,0.24,1.25
2,0,43,0.85,1.64
14,0,23,0.45,1.2
21,0,54,0.41,1.43
18,0,4,0.91,1.96
21,1,2,0.77,1.95
2,1,56,0.56,1.52
11,0,24,0.32,1.15
15,0,18,0.12,1.01
16,0,52,0.85,1.64
7,0,45,0.66,1.43
15,0,20,0.36,1.19
17,0,60,0.54,1.41
9,0,8,0.08,1.01
11,0,16,0.62,1.41
19,1,21,0.27,1.36
8,1,38,0.43,1.31
2,0,3,0.2,1.25
22,0,37,0.34,1.48
7,0,51,0.89,1.6
0,1,51,0.97,1.78
4,1,0,0.39,1.79
6,0,31,0.89,1.55
7,0,2,0.28,1.2
13,0,38,0.09,1.0
16,1,44,0.41,1.32
21,0,44,0.96,1.83
7,0,60,0.19,1.0
18,1,60,0.41,1.6
12,0,26,0.32,1.25
13,0,14,0.74,1.44
12,0,19,0.1,1.01
5,1,35,0.46,1.33
18,0,37,0.7,1.63
12,0,6,0.78,1.46
22,1,15,0.46,1.61
7,1,54,0.64,1.53
23,0,22,0.11,1.0
0,0,17,0.11,1.0
15,0,51,0.35,1.2
14,0,48,0.5,1.16
15,0,39,0.52,1.45
16,0,57,0.58,1.45
23,0,39,0.14,1.02
20,1,14,0.9,2.03
6,0,7,0.85,1.68
10,0,14,0.12,1.0
14,1,32,0.53,1.52
23,0,53,0.03,1.0
9,0,48,0.01,1.01
6,0,18,0.16,1.0
8,0,60,0.63,1.43
23,1,7,0.69,1.62
5,0,42,0.52,1.44
2,1,57,0.82,1.72
2,0,26,0.42,1.23
15,1,10,0.27,1.18
11,0,47,0.01,1.05
6,0,53,0.33,1.25
19,0,53,0.91,1.87
11,0,43,0.95,1.58
11,0,8,0.95,1.64
1,0,46,0.05,1.0
1,1,48,0.04,1.0
7,0,33,0.93,1.63
2,0,16,0.97,1.55
6,1,55,0.64,1.55
10,0,30,0.66,1.36
11,0,59,0.26,1.0
3,0,38,0.64,1.39
14,0,49,0.87,1.6
10,1,53,0.05,1.0
10,0,56,0.76,1.41
13,0,48,0.36,1.19
17,0,58,0.16,1.01
11,1,28,0.99,1.71
4,0,35,0.13,1.02
6,0,57,0.63,1.36
15,1,43,0.42,1.34
5,0,23,0.98,1.57
11,1,30,0.52,1.57
10,1,26,0.02,1.0
23,1,12,0.12,1.18
4,0,35,0.58,1.38
3,1,16,0.61,1.58
11,1,3,0.55,1.71
8,0,43,0.4,1.23
16,0,32,0.45,1.21
0,0,18,0.64,1.44
13,0,18,1.0,1.58
0,1,1,0.48,1.78
21,0,13,0.6,1.68
14,0,57,0.23,1.0
20,1,23,0.83,1.95
15,0,30,0.44,1.17
3,0,15,0.17,1.04
11,0,36,0.76,1.44
18,0,35,0.22,1.25
22,0,45,0.61,1.61
22,0,40,0.18,1.26
5,0,10,0.1,1.0
1,0,31,0.06,1.0
11,1,53,0.01,1.01
22,0,19,0.52,1.6
23,0,11,0.29,1.01
3,0,9,0.71,1.38
23,1,51,0.66,1.54
9,0,54,0.63,1.43
12,0,31,0.02,1.0
14,1,56,0.48,1.31
20,0,51,0.98,1.8
11,0,57,0.31,1.25
16,1,57,0.06,1.03
3,0,53,0.53,1.42
15,0,4,0.84,1.68
5,0,55,0.46,1.23
0,0,45,0.29,1.0
22,0,39,0.89,1.88
14,0,52,0.48,1.17
2,0,42,0.16,1.02
18,1,39,0.03,1.0
12,0,27,0.44,1.17
5,0,52,0.11,1.0
8,0,36,0.82,1.65
4,0,3,0.62,1.61
3,0,57,0.39,1.21
14,1,47,0.07,1.0
3,0,14,0.28,1.0
6,0,48,0.71,1.4
14,1,15,0.26,1.15
5,0,2,0.97,1.76
22,0,37,0.34,1.42
11,1,57,0.65,1.56
1,0,11,0.64,1.45
3,0,53,0.65,1.44
17,0,26,0.16,1.01
11,1,30,0.14,1.17
12,0,32,0.38,1.18
1,0,59,0.88,1.56
7,1,40,0.61,1.53
16,1,43,0.85,1.73
1,1,39,0.11,1.16
10,1,60,0.06,1.0
3,0,5,0.01,1.07
17,1,49,0.43,1.38
5,0,23,0.71,1.45
5,0,9,0.63,1.41
1,0,25,0.03,1.0
11,0,40,0.34,1.21
8,0,39,0.88,1.59
11,0,2,0.84,1.77
7,0,43,0.12,1.0
3,1,34,0.01,1.04
21,0,18,0.92,1.87
15,0,12,0.65,1.36
4,0,49,0.08,1.03
4,0,31,0.63,1.41
1,0,25,0.89,1.63
8,0,13,0.48,1.23
18,0,20,0.48,1.48
13,0,38,0.73,1.4
12,0,50,0.87,1.65
0,1,1,0.84,2.14
18,0,1,0.62,2.06
15,1,52,0.32,1.36
18,0,33,0.43,1.43
7,0,30,0.28,1.0
11,0,51,0.16,1.0
14,0,13,0.77,1.38
13,0,3,0.0,1.25
17,0,55,0.41,1.18
17,1,24,0.2,1.17
21,0,20,0.91,1.84
0,0,59,0.49,1.17
18,0,23,0.75,1.67
6,1,55,0.61,1.58
13,0,42,0.09,1.0
16,0,0,0.1,1.43
19,0,59,0.27,1.28
16,0,7,0.61,1.5
13,0,52,0.16,1.0
15,0,35,0.04,1.02
11,0,24,0.26,1.05
2,1,12,0.83,1.73
2,0,7,0.53,1.5
13,0,15,0.83,1.56
2,1,35,0.6,1.51
21,1,8,0.93,1.99
8,0,26,0.99,1.59
11,0,45,0.05,1.0
3,0,11,0.42,1.16
18,1,57,0.27,1.37
21,1,52,0.06,1.0
7,0,45,0.42,1.22
7,0,29,0.46,1.2
0,0,20,0.91,1.6
1,0,21,0.61,1.36
21,1,29,0.07,1.0
10,1,32,0.43,1.39
14,0,37,0.94,1.59
2,0,35,0.58,1.42
1,0,15,0.95,1.58
1,0,7,0.29,1.1
6,0,42,0.33,1.23
14,0,28,0.83,1.65
7,0,15,0.66,1.37
7,0,8,0.86,1.6
22,0,38,0.5,1.61
2,1,23,0.92,1.8
5,0,29,0.77,1.35
20,1,20,0.6,1.79
2,0,14,0.1,1.02
21,0,12,0.5,1.65
6,0,33,0.7,1.41
12,0,31,0.7,1.43
9,1,52,0.52,1.58
7,1,23,0.55,1.56
5,0,14,0.09,1.04
16,0,8,0.64,1.42
23,0,49,0.97,1.55
21,0,41,0.01,1.04
15,1,3,0.57,1.8
13,0,35,0.88,1.58
0,0,50,0.39,1.17
10,1,29,0.38,1.31
6,0,46,0.16,1.0
1,0,12,0.41,1.24
19,1,32,0.01,1.05
17,1,47,0.97,1.75
9,0,30,0.44,1.22
7,0,41,0.44,1.21
21,0,45,0.24,1.2
6,0,2,0.33,1.41
23,0,37,0.06,1.04
0,0,59,0.5,1.38
8,0,28,0.11,1.0
11,1,40,0.25,1.11
18,0,57,0.49,1.46
16,0,2,0.85,1.76
3,0,35,0.93,1.63
7,0,8,0.25,1.0
1,1,38,1.0,1.74
10,0,34,0.16,1.0
18,1,46,0.68,1.76
12,0,14,0.69,1.45
4,0,17,0.9,1.56
9,0,1,0.49,1.64
15,0,43,0.42,1.22
4,0,34,0.83,1.61
4,0,4,0.65,1.49
9,0,13,0.39,1.17
23,0,54,0.21,1.0
4,1,60,0.38,1.31
8,0,49,0.25,1.0
23,0,33,0.3,1.18
14,0,12,0.17,1.05
9,0,21,0.55,1.4
8,1,56,0.72,1.6
17,1,33,0.92,1.8
20,0,8,0.89,1.85
9,0,35,0.22,1.05
1,1,31,0.78,1.58
22,0,19,0.88,1.85
1,0,57,0.38,1.15
7,0,24,0.89,1.6
14,0,50,0.81,1.56
17,0,23,0.64,1.44
12,0,3,0.3,1.38
9,0,3,0.48,1.38
2,1,49,0.81,1.79
13,0,4,0.28,1.06
3,1,9,0.64,1.53
14,0,37,0.16,1.02
18,0,55,0.76,1.63
11,0,60,0.76,1.37
14,0,9,0.93,1.65
6,0,44,0.14,1.0
10,0,60,0.55,1.36
23,0,52,0.12,1.01
10,1,13,0.12,1.16
3,1,11,0.03,1.0
16,0,28,0.21,1.04
10,0,11,0.83,1.65
20,0,51,0.18,1.26
4,1,21,0.0,1.0
0,1,47,0.03,1.0
1,0,39,0.26,1.0
22,0,36,0.89,1.86
15,0,15,0.02,1.0
23,1,46,0.32,1.39
12,0,47,0.36,1.19
11,0,31,0.21,1.04
17,0,56,0.14,1.01
6,0,48,0.44,1.19
0,0,53,0.9,1.63
2,0,16,0.55,1.42
5,1,28,0.12,1.19
6,0,3,0.27,1.19
10,0,23,0.51,1.36
3,0,30,0.18,1.02
23,1,31,0.42,1.31
17,1,59,0.89,1.7
14,0,17,0.61,1.42
5,0,9,0.72,1.35
1,0,10,0.16,1.0
10,0,1,0.05,1.41
14,0,17,0.06,1.04
5,0,51,0.65,1.38
3,0,13,0.13,1.04
12,0,50,0.45,1.24
5,0,58,0.45,1.21
1,0,54,0.8,1.37
18,1,18,0.06,1.04
16,1,1,0.74,1.98
8,0,18,0.2,1.0
8,0,20,0.81,1.61
10,0,17,0.82,1.55
4,1,58,0.79,1.5
10,0,50,0.43,1.17
23,1,13,0.03,1.0
16,0,54,0.28,1.0
3,0,55,0.89,1.56
4,1,60,0.55,1.54
3,0,25,0.03,1.0
5,0,2,0.29,1.2
8,0,14,0.93,1.61
2,0,51,0.12,1.0
8,1,52,0.88,1.8
1,0,53,0.14,1.0
0,0,55,0.28,1.02
3,0,46,0.2,1.0
14,0,59,0.64,1.36
21,1,32,0.83,1.99
11,0,41,0.87,1.62
3,0,33,0.46,1.2
13,1,1,0.51,1.93
17,0,21,0.18,1.03
14,0,11,0.52,1.39
23,1,31,0.93,1.76
9,0,49,0.61,1.4
18,0,49,0.12,1.22
20,1,11,0.62,1.79
17,0,57,0.39,1.24
20,0,38,0.77,1.65
18,0,5,0.2,1.33
7,0,59,0.8,1.62
1,0,58,0.58,1.35
15,0,59,0.58,1.38
7,0,6,0.8,1.74
0,1,47,0.58,1.57
5,1,9,0.82,1.72
5,0,23,0.71,1.36
13,0,58,0.03,1.0
15,1,20,0.09,1.05
15,0,6,0.78,1.52
5,0,53,0.14,1.0
17,1,11,0.73,1.59
0,1,32,0.05,1.04
19,1,0,0.84,2.44
2,0,32,0.84,1.56
1,0,56,0.91,1.63
12,1,14,0.0,1.0
8,0,44,0.35,1.18
6,0,3,0.58,1.62
7,1,49,0.64,1.58
13,0,48,0.87,1.61
22,0,43,0.55,1.66
18,1,11,0.45,1.59
11,1,44,0.23,1.12
4,0,51,0.1,1.05
10,0,0,0.48,1.59
2,1,7,0.51,1.7
23,1,0,0.29,1.53
4,1,41,0.13,1.14
13,1,19,0.77,1.52
0,0,5,0.55,1.47
4,0,36,0.68,1.43
3,1,45,0.27,1.15
4,0,7,0.99,1.73
0,1,51,0.12,1.19
7,0,33,0.41,1.16
17,0,29,0.88,1.64
21,1,33,0.98,2.0
1,0,8,0.12,1.0
12,0,15,0.36,1.2
16,0,43,0.18,1.03
3,1,2,0.7,1.78
12,1,15,0.56,1.52
17,0,15,0.65,1.37
0,0,15,0.24,1.02
9,1,5,0.15,1.21
17,1,20,0.59,1.51
19,0,39,0.04,1.04
0,0,24,0.77,1.43
16,1,1,0.9,2.11
13,0,27,0.43,1.23
18,1,16,0.05,1.01
12,0,10,0.63,1.36
21,0,26,0.3,1.2
23,0,30,0.17,1.0
6,1,46,0.26,1.13
23,1,4,0.1,1.07
11,0,53,0.77,1.42
0,0,22,0.26,1.0
11,0,1,0.36,1.64
16,0,24,0.71,1.37
0,0,49,0.49,1.18
13,1,29,0.35,1.4
9,1,53,0.2,1.12
21,0,11,0.47,1.47
7,0,35,0.95,1.58
13,1,31,0.13,1.16
9,0,30,0.32,1.16
1,0,58,0.92,1.62
13,1,42,0.19,1.17
23,0,45,0.83,1.55
17,0,36,0.46,1.22
16,0,25,0.01,1.0
12,0,33,0.95,1.6
11,1,35,0.76,1.6
19,0,42,0.09,1.02
11,0,1,0.25,1.38
16,0,7,0.93,1.75
2,1,8,0.26,1.19
0,0,35,0.82,1.62
6,1,50,0.39,1.32
23,1,56,0.14,1.16
7,1,59,0.21,1.17
14,0,25,0.13,1.0
20,1,23,0.0,1.04
11,1,3,0.0,1.21
0,1,13,0.86,1.72
1,1,52,0.5,1.33
20,1,53,0.27,1.44
16,0,60,0.25,1.0
1,0,23,0.46,1.2
11,0,23,0.86,1.63
7,1,25,0.03,1.0
19,0,59,0.79,1.64
12,1,0,0.3,1.57
6,1,15,0.25,1.18
9,0,47,0.3,1.0
3,0,10,0.63,1.39
9,0,50,0.52,1.43
21,1,9,0.25,1.4
7,1,13,0.9,1.8
3,0,7,0.0,1.14
23,1,8,0.51,1.51
15,0,8,0.6,1.35
9,1,39,0.19,1.14
18,1,22,0.67,1.81
4,1,12,0.48,1.31
16,0,59,0.75,1.37
13,0,41,0.66,1.35
5,0,11,0.16,1.0
7,1,33,0.13,1.16
9,0,33,0.76,1.45
4,1,58,0.36,1.35
11,0,25,0.32,1.21
21,1,44,0.21,1.44
13,1,57,0.89,1.73
3,0,36,0.16,1.0
23,0,24,0.41,1.22
13,0,54,0.77,1.43
20,0,39,0.14,1.22
17,0,16,0.54,1.44
6,0,53,0.23,1.02
5,1,38,0.0,1.04
16,0,13,0.61,1.4
9,1,26,0.35,1.37
23,1,44,0.46,1.37
0,0,1,0.83,1.99
7,0,0,0.59,1.76
12,0,58,0.85,1.55
4,1,12,0.41,1.3
20,1,60,0.47,1.56
5,0,18,0.01,1.0
5,1,48,0.81,1.8
2,0,6,0.98,1.71
13,0,1,0.22,1.45
4,0,48,0.18,1.02
0,0,41,0.63,1.43
17,0,24,0.12,1.0
5,0,27,0.25,1.0
0,1,2,0.36,1.57
15,0,4,0.05,1.09
7,0,36,0.56,1.36
0,0,17,0.17,1.04
8,0,9,0.35,1.21
19,1,40,0.02,1.01
6,0,14,0.77,1.4
18,0,3,0.84,2.03
1,1,51,0.53,1.52
22,1,19,0.25,1.42
1,0,40,0.74,1.41
0,0,34,0.02,1.04
11,0,22,0.34,1.24
8,0,59,0.45,1.25
16,1,48,0.68,1.58
15,0,57,0.06,1.01
6,0,31,0.03,1.0
7,0,49,0.39,1.2
4,0,36,0.61,1.4
6,0,6,0.09,1.14
1,1,34,0.53,1.6
14,0,38,0.24,1.0
11,0,46,0.6,1.4
12,0,52,0.71,1.41
15,1,36,0.48,1.32
3,0,30,0.45,1.24
9,0,3,0.78,1.59
4,1,32,0.43,1.34
23,1,33,0.62,1.57
2,0,10,0.41,1.21
10,0,16,0.29,1.0
4,0,27,0.61,1.36
9,0,48,0.73,1.44
18,0,42,0.85,1.81
7,0,34,0.03,1.0
7,0,42,0.84,1.55
1,0,58,0.61,1.37
22,0,49,0.41,1.42
7,1,41,0.46,1.37
21,1,52,0.21,1.45
18,1,47,0.55,1.78
20,0,57,0.16,1.3
23,0,20,0.89,1.63
19,0,50,0.13,1.27
20,0,7,0.66,1.78
16,0,1,0.02,1.4
10,0,18,0.16,1.03
10,1,32,0.69,1.59
18,0,18,0.99,1.89
1,0,20,0.05,1.0
7,1,9,0.68,1.58
9,1,17,0.47,1.38
20,1,56,0.27,1.38
20,0,20,0.84,1.87
11,1,23,0.63,1.53
18,0,43,0.92,1.9
16,1,45,0.95,1.76
19,1,6,0.96,2.12
13,0,16,0.31,1.2
9,1,2,0.45,1.54
5,1,17,0.58,1.57
7,1,23,0.81,1.75
7,0,35,0.14,1.01
9,0,51,0.18,1.0
9,0,14,0.44,1.19
0,1,2,0.47,1.53
22,0,6,0.24,1.4
0,1,43,0.03,1.02
7,0,47,0.73,1.38
6,1,42,0.88,1.72
16,0,34,0.7,1.44
7,0,24,0.83,1.65
6,1,8,0.85,1.7
14,0,60,0.87,1.59
2,1,6,0.65,1.68
11,1,35,0.06,1.02
7,1,20,0.63,1.58
4,0,5,0.83,1.67
7,0,33,0.35,1.15
16,0,16,0.81,1.56
8,1,20,0.49,1.31
8,1,13,0.25,1.17
15,0,23,0.19,1.0
15,1,12,0.96,1.8
17,1,60,0.71,1.52
18,0,31,0.13,1.27
6,0,45,0.18,1.01
11,1,34,0.33,1.39
5,1,29,0.27,1.11
4,0,15,0.68,1.39
15,0,44,0.09,1.02
7,0,46,0.66,1.43
19,0,59,0.24,1.22
11,0,10,0.6,1.37
8,0,13,0.89,1.6
13,1,23,0.95,1.75
3,0,21,0.31,1.24
21,0,13,0.47,1.4
23,1,48,0.19,1.12
7,1,57,0.88,1.76
4,0,14,0.52,1.41
15,0,25,0.01,1.0
21,0,12,0.07,1.0
17,0,39,0.53,1.44
22,0,34,0.74,1.65
14,0,60,0.49,1.23
10,1,33,0.96,1.77
13,0,40,0.27,1.0
5,1,44,0.18,1.12
9,0,9,0.12,1.0
20,1,39,0.47,1.61
0,1,45,0.63,1.51
18,0,45,0.62,1.62
0,0,57,0.67,1.42
5,0,48,0.5,1.42
21,0,8,0.52,1.61
8,0,56,0.21,1.0
19,1,46,0.48,1.65
3,0,19,0.44,1.19
14,0,59,0.54,1.38
18,0,35,0.14,1.29
19,1,21,0.03,1.04
23,1,12,0.75,1.53
19,0,48,0.96,1.83
14,0,53,0.31,1.18
20,0,1,0.72,2.0
0,0,21,0.68,1.36
16,1,20,0.08,1.01
11,0,33,0.22,1.0
0,0,4,0.18,1.13
23,0,51,0.29,1.03
12,0,8,0.07,1.0
2,0,15,0.88,1.56
16,0,18,0.66,1.43
12,0,40,0.88,1.6
6,0,52,0.35,1.18
12,0,37,0.64,1.44
5,1,45,0.82,1.74
10,0,9,0.47,1.24
14,1,22,0.31,1.31
12,0,26,0.33,1.15
20,0,35,0.14,1.29
10,1,27,0.56,1.54
18,0,21,0.59,1.64
6,0,55,0.9,1.64
19,0,19,0.29,1.26
1,0,41,0.03,1.0
23,0,37,0.15,1.01
18,0,34,0.4,1.49
6,1,6,0.49,1.46
2,1,30,0.84,1.74
0,0,34,0.35,1.17
8,0,27,0.45,1.18
11,0,13,0.24,1.01
4,0,31,0.15,1.0
21,0,53,0.21,1.21
7,0,3,0.74,1.61
8,1,30,0.18,1.14
7,0,45,0.8,1.64
9,0,30,0.47,1.18
2,0,58,0.07,1.0
22,1,44,0.74,1.78
9,0,45,0.88,1.6
9,0,54,0.6,1.41
11,1,46,0.94,1.72
1,0,35,0.9,1.61
17,0,48,0.78,1.44
12,1,0,0.15,1.51
5,0,51,0.24,1.0
11,0,25,0.45,1.24
23,0,42,0.87,1.56
17,0,53,0.77,1.45
19,0,58,0.63,1.62
16,0,20,0.17,1.0
11,0,17,0.17,1.0
19,0,51,0.54,1.63
11,0,18,0.94,1.62
6,1,8,0.09,1.01
4,0,28,0.22,1.0
4,0,37,0.39,1.21
10,0,38,0.53,1.35
1,0,20,0.32,1.18
21,0,48,0.01,1.0
7,0,49,0.11,1.0
19,0,41,0.46,1.48
16,0,11,0.33,1.16
10,0,60,0.66,1.43
4,0,53,0.16,1.02
6,0,19,0.74,1.36
5,1,8,0.21,1.15
19,0,28,0.26,1.29
19,1,50,0.45,1.62
8,0,15,0.33,1.21
8,1,28,0.48,1.36
6,1,19,0.87,1.71
2,0,59,0.02,1.0
5,1,28,0.33,1.34
13,0,29,0.28,1.04
17,0,44,0.66,1.42
5,0,4,0.79,1.55
16,0,57,0.99,1.61
11,1,0,0.46,1.78
9,0,21,0.08,1.0
17,1,15,0.4,1.36
17,0,55,0.5,1.17
12,0,50,0.72,1.44
17,1,2,0.86,1.99
23,0,7,0.37,1.34
2,0,39,0.44,1.21
14,1,5,0.98,1.81
1,1,20,0.74,1.57
5,0,4,0.19,1.06
7,1,5,0.42,1.43
13,0,10,0.48,1.23
20,1,5,0.13,1.49
18,0,0,0.13,1.65
21,0,30,0.64,1.65
3,0,60,0.09,1.02
13,0,39,0.43,1.16
17,0,54,0.39,1.21
0,0,50,0.73,1.4
4,1,33,0.35,1.3
0,1,46,0.13,1.15
11,0,21,0.18,1.0
19,0,4,0.91,1.95
23,0,57,0.95,1.59
17,0,3,0.42,1.35
14,0,27,0.67,1.43
11,0,54,0.46,1.19
13,0,24,0.58,1.41
17,1,57,0.11,1.2
9,0,49,0.51,1.43
18,0,55,0.22,1.25
21,0,60,0.41,1.44
3,1,45,0.98,1.71
9,0,49,0.87,1.63
4,0,36,0.71,1.41
4,0,38,0.25,1.0
3,1,48,0.37,1.35
6,0,36,0.13,1.0
20,0,23,0.53,1.63
5,1,17,0.06,1.0
2,0,37,0.6,1.4
1,0,48,0.58,1.39
22,1,53,0.29,1.43
23,0,53,0.85,1.63
17,0,51,0.57,1.43
0,0,59,0.57,1.36
15,0,60,0.11,1.0
22,1,2,0.77,2.02
13,0,15,0.97,1.59
0,1,17,0.68,1.5
17,0,21,0.44,1.21
2,1,37,0.48,1.34
8,0,46,0.29,1.0
15,0,11,0.09,1.04
2,0,22,0.86,1.62
6,1,52,0.71,1.56
14,0,46,0.02,1.0
8,1,56,0.08,1.03
11,0,48,0.84,1.6
19,1,16,0.52,1.8
15,0,4,0.87,1.65
20,1,44,0.56,1.81
11,0,31,0.42,1.16
16,0,18,0.68,1.41
11,0,48,0.47,1.19
10,0,18,0.13,1.04
3,1,11,1.0,1.79
9,0,46,0.1,1.0
16,0,53,0.11,1.0
10,0,29,0.6,1.39
8,0,19,0.59,1.37
2,0,51,0.01,1.0
5,0,7,0.74,1.49
20,1,28,0.41,1.58
12,1,45,0.89,1.76
23,1,32,0.11,1.12
8,0,10,0.77,1.44
21,1,22,0.67,1.84
3,0,18,0.59,1.45
11,0,24,0.38,1.17
15,0,3,0.74,1.64
9,1,56,0.52,1.53
3,0,24,0.02,1.0
9,0,14,0.96,1.57
15,0,48,0.18,1.0
6,0,5,0.78,1.46
15,0,58,0.87,1.64
1,0,17,0.79,1.41
19,0,57,0.52,1.68
9,0,25,0.78,1.41
21,0,7,0.99,1.95
1,0,1,0.03,1.42
17,0,28,0.88,1.59
18,1,42,0.93,1.97
5,0,5,0.1,1.13
7,1,22,0.17,1.19
15,1,43,0.61,1.5
13,0,5,0.88,1.74
2,0,22,0.19,1.02
3,0,1,0.24,1.38
18,0,1,0.11,1.64
19,0,39,0.18,1.23
3,1,13,0.49,1.32
4,1,51,0.68,1.53
9,0,17,0.27,1.0
13,0,34,0.31,1.22
5,0,33,0.14,1.0
17,0,22,0.8,1.6
19,1,37,0.06,1.04
13,0,7,0.45,1.32
15,1,27,0.59,1.59
9,0,40,0.9,1.57
19,0,45,0.8,1.89
14,1,54,0.29,1.13
0,0,15,0.63,1.44
0,0,49,0.24,1.04
15,1,22,0.13,1.13
1,0,52,0.26,1.0
19,0,43,0.44,1.48
0,1,28,0.21,1.12
23,1,37,0.27,1.16
5,0,41,0.62,1.38
1,0,29,0.09,1.0
8,1,32,0.78,1.55
23,0,14,0.77,1.44
22,0,51,0.05,1.0
4,0,56,0.21,1.0
8,0,18,0.34,1.2
9,1,5,0.79,1.6
10,0,25,0.59,1.42
23,0,51,0.17,1.0
4,0,41,0.15,1.0
19,0,43,0.3,1.42
22,0,11,0.55,1.61
3,1,43,0.63,1.55
21,0,48,0.98,1.9
21,0,57,0.31,1.47
17,0,29,0.12,1.0
18,0,29,0.85,1.86
14,1,11,0.23,1.12
13,0,32,0.68,1.35
20,0,34,0.64,1.63
18,0,9,0.86,1.89
22,0,27,0.89,1.85
8,1,55,0.07,1.05
13,0,53,0.68,1.38
5,0,25,0.68,1.39
15,0,6,0.51,1.47
16,0,11,0.51,1.44
2,1,6,0.98,1.81
3,0,0,0.31,1.63
4,0,24,0.74,1.38
23,0,27,0.65,1.36
20,0,31,0.06,1.02
11,1,51,0.45,1.37
17,0,54,0.01,1.03
7,0,5,0.02,1.08
10,0,47,0.94,1.61
13,1,17,0.73,1.5
14,0,50,0.42,1.19
4,1,27,0.39,1.4
19,1,17,0.72,1.81
16,0,39,0.96,1.58
17,1,53,0.87,1.73
16,0,10,0.83,1.63
5,0,7,0.09,1.07
20,0,43,0.79,1.62
10,0,54,0.61,1.37
6,0,1,0.27,1.37
19,0,34,0.16,1.25
5,0,43,0.07,1.01
23,0,4,0.78,1.47
18,0,54,0.1,1.0
14,0,36,0.53,1.42
17,0,2,0.39,1.41
8,0,6,0.67,1.48
22,1,55,0.56,1.78
5,0,2,0.28,1.16
10,0,20,0.04,1.03
13,0,44,0.06,1.01
21,0,49,0.23,1.26
10,0,11,0.76,1.39
23,0,2,0.23,1.23
21,0,15,0.2,1.2
13,1,26,0.16,1.14
5,1,26,0.6,1.56
23,0,10,0.69,1.38
6,0,47,0.4,1.21
3,0,48,0.73,1.41
3,0,33,0.36,1.18
2,1,9,0.02,1.03
11,0,19,0.78,1.36
0,0,16,0.15,1.01
5,0,38,0.12,1.02
22,0,35,0.54,1.63
7,0,38,0.71,1.36
19,0,49,0.24,1.21
12,0,43,0.74,1.43
3,0,1,0.64,1.82
7,0,39,0.19,1.0
5,1,54,0.13,1.15
3,0,23,0.54,1.44
9,0,49,0.97,1.64
7,0,32,0.91,1.59
10,1,45,0.61,1.54
13,0,56,0.84,1.55
1,1,17,0.86,1.72
15,1,13,0.57,1.51
20,1,19,0.55,1.79
11,0,25,0.83,1.61
14,0,8,0.0,1.03
23,1,0,0.8,2.17
0,0,39,0.31,1.2
18,1,18,0.58,1.84
11,1,30,0.44,1.32
15,0,42,0.48,1.23
22,0,36,0.88,1.89
2,0,56,0.23,1.0
6,1,32,0.93,1.74
23,0,29,0.63,1.4
10,0,18,0.83,1.6
5,0,45,0.55,1.43
12,0,17,0.91,1.63
11,0,43,0.3,1.0
10,0,35,0.79,1.39
23,0,7,0.78,1.54
20,0,47,0.25,1.26
19,0,56,0.34,1.47
19,0,9,0.2,1.27
1,0,55,0.83,1.64
6,1,33,0.33,1.35
16,1,52,0.01,1.02
16,0,39,0.17,1.01
22,1,45,0.76,1.83
0,0,48,0.71,1.38
5,1,53,0.8,1.79
2,1,24,0.33,1.37
16,1,19,0.15,1.12
12,0,58,0.59,1.39
17,0,4,0.3,1.13
2,1,51,0.9,1.71
17,0,30,0.16,1.03
12,0,17,0.59,1.38
22,1,26,0.49,1.65
2,0,7,0.14,1.08
6,0,60,0.14,1.0
10,0,27,0.65,1.44
23,0,60,0.96,1.6
11,0,12,0.35,1.15
11,0,43,0.54,1.41
11,1,13,0.04,1.0
23,0,44,0.26,1.0
16,1,37,0.62,1.56
7,0,7,0.87,1.7
13,0,12,0.75,1.4
17,0,33,0.07,1.0
15,0,55,0.73,1.39
13,0,12,0.31,1.17
9,1,21,0.77,1.56
7,1,55,0.34,1.4
15,1,54,0.64,1.57
8,0,20,0.47,1.16
6,0,41,0.51,1.38
15,0,28,0.17,1.0
20,0,40,0.56,1.64
1,0,44,0.3,1.0
18,0,52,0.93,1.82
14,0,8,0.6,1.45
14,0,52,0.61,1.36
11,0,47,0.24,1.0
18,1,36,0.7,1.77
20,1,33,0.44,1.58
12,1,55,0.7,1.53
16,0,5,0.32,1.27
5,0,54,0.92,1.61
3,0,9,0.08,1.03
7,0,55,0.11,1.0
0,0,60,0.89,1.57
7,0,32,0.0,1.0
1,1,24,0.92,1.72
20,1,49,0.14,1.41
20,0,58,0.32,1.47
23,0,1,0.22,1.4
15,0,40,0.74,1.37
12,0,22,0.4,1.16
18,1,49,0.44,1.56
6,1,45,0.71,1.54
3,0,48,0.31,1.23
20,0,53,0.65,1.64
22,0,0,0.92,2.28
17,1,57,0.4,1.32
8,0,26,0.03,1.0
2,1,29,0.11,1.16
16,0,53,0.35,1.16
6,0,56,0.56,1.38
9,0,42,0.02,1.0
12,1,3,0.7,1.77
20,0,27,0.26,1.2
0,1,53,0.23,1.13
14,1,20,0.9,1.78
0,0,39,0.45,1.16
0,0,6,0.3,1.26
0,0,12,0.01,1.0
23,0,8,0.76,1.43
15,0,37,0.72,1.4
0,0,58,0.22,1.0
8,0,29,0.62,1.38
13,1,60,0.5,1.3
18,0,6,0.39,1.5
15,0,43,0.06,1.0
18,0,9,0.85,1.89
20,0,57,0.07,1.05
21,1,26,0.21,1.39
3,0,57,0.11,1.0
2,0,33,0.96,1.62
23,0,46,0.11,1.0
3,0,16,0.44,1.23
10,0,43,0.82,1.65
3,0,42,0.49,1.16
10,0,36,0.08,1.03
11,0,0,0.08,1.41
6,1,9,0.37,1.35
15,0,51,0.54,1.36
20,0,48,0.01,1.0
5,1,44,0.23,1.16
2,0,8,0.7,1.38
16,0,9,0.91,1.61
19,0,8,0.29,1.26
11,0,30,0.26,1.0
21,0,0,0.46,1.88
22,0,12,0.69,1.64
9,0,50,0.99,1.61
12,1,43,0.82,1.78
5,0,11,0.42,1.2
1,0,36,0.83,1.6
16,1,49,0.76,1.5
22,0,27,0.36,1.47
12,1,6,0.48,1.45
2,0,10,0.39,1.18
17,0,59,0.79,1.36
1,1,13,0.41,1.3
22,1,27,0.92,1.97
11,0,38,0.32,1.18
14,0,18,0.31,1.17
18,0,42,0.32,1.48
8,0,53,0.94,1.64
2,1,11,0.91,1.74
14,0,20,0.11,1.01
15,0,38,0.76,1.38
3,0,6,0.77,1.54
8,0,41,0.89,1.6
0,0,14,0.82,1.6
9,1,11,0.1,1.05
11,0,42,0.68,1.39
22,0,24,0.29,1.25
15,0,49,0.49,1.17
10,0,33,0.21,1.0
5,0,24,0.1,1.04
5,1,35,0.62,1.57
4,1,54,0.24,1.18
22,0,23,0.7,1.61
13,0,53,0.44,1.17
8,1,37,0.11,1.18
12,1,26,0.03,1.0
5,1,3,0.88,2.0
10,1,38,0.26,1.18
0,0,26,0.11,1.03
5,1,25,0.83,1.78
19,1,29,0.69,1.82
17,0,47,0.65,1.39
6,0,27,0.71,1.36
18,0,9,0.12,1.25
4,0,25,0.51,1.38
3,0,53,0.24,1.03
1,0,19,0.75,1.4
13,1,7,0.31,1.42
12,1,43,0.85,1.79
12,0,33,0.42,1.16
8,1,2,0.93,1.91
18,1,47,0.14,1.44
11,1,59,0.03,1.01
4,0,36,0.83,1.6
15,0,36,0.04,1.0
6,0,18,0.54,1.43
2,1,50,0.29,1.14
17,0,42,0.97,1.62
20,1,25,0.26,1.41
23,0,5,0.65,1.47
3,0,12,0.17,1.0
14,0,34,0.29,1.0
13,0,4,0.91,1.68
0,1,30,0.78,1.52
23,0,50,0.18,1.02
12,0,37,0.23,1.0
7,0,55,0.45,1.21
7,0,46,1.0,1.6
14,0,1,0.92,2.02
3,0,57,0.46,1.2
18,1,56,0.43,1.56
3,1,6,0.48,1.42
12,1,48,0.12,1.14
20,0,18,0.24,1.25
1,0,2,0.68,1.59
7,0,14,0.91,1.57
1,0,55,0.97,1.59
22,0,47,0.5,1.64
3,0,38,0.28,1.0
19,1,40,0.17,1.35
15,0,40,0.34,1.24
6,1,22,0.94,1.79
3,0,32,0.93,1.59
14,0,51,0.63,1.35
0,1,25,0.97,1.77
17,0,29,0.77,1.37
15,0,41,0.17,1.0
11,0,39,0.44,1.22
8,1,36,0.7,1.57
7,0,1,0.49,1.61
16,1,40,1.0,1.77
14,0,41,0.35,1.23
16,0,20,0.27,1.0
3,0,33,0.86,1.57
11,0,39,0.6,1.41
3,1,11,0.66,1.56
12,0,28,0.95,1.58
10,0,32,0.38,1.17
8,0,12,0.63,1.37
12,0,46,0.96,1.6
6,0,28,0.27,1.0
16,0,55,0.82,1.6
21,0,45,0.33,1.45
13,0,23,0.58,1.41
22,0,4,0.5,1.76
13,0,17,0.92,1.62
13,0,24,0.97,1.65
22,1,18,0.34,1.65
14,0,10,0.49,1.2
5,1,14,0.07,1.01
11,0,36,0.78,1.41
3,1,43,0.15,1.11
14,1,60,0.91,1.72
18,0,48,0.58,1.64
15,0,39,0.41,1.22
14,0,7,0.87,1.69
23,1,32,0.16,1.13
0,0,47,0.48,1.18
18,0,39,0.35,1.42
23,0,10,0.32,1.19
20,1,4,0.48,1.65
21,1,19,0.19,1.41
6,0,14,0.28,1.04
20,0,42,0.41,1.43
20,1,50,0.08,1.0
12,0,39,0.31,1.15
7,0,48,0.48,1.24
22,0,57,0.87,1.83
22,1,50,0.35,1.62
4,0,53,0.72,1.38
8,0,2,0.12,1.17
3,1,57,0.12,1.11
11,0,41,0.73,1.36
17,0,21,0.86,1.61
10,0,29,0.46,1.2
10,0,31,0.12,1.0
3,1,16,0.97,1.72
0,0,1,0.82,2.03
0,0,56,0.22,1.04
22,0,55,0.79,1.64
18,1,2,0.54,2.01
15,0,9,0.68,1.44
19,0,5,0.66,1.77
19,0,52,0.86,1.83
7,1,27,0.72,1.58
7,0,7,0.89,1.7
2,0,50,0.49,1.17
18,0,49,0.83,1.88
15,0,8,0.56,1.45
4,0,38,0.55,1.37
3,0,34,0.78,1.4
4,1,10,0.32,1.36
18,0,15,0.39,1.48
10,0,56,0.15,1.04
6,0,36,0.07,1.0
10,1,45,0.17,1.15
22,1,22,0.17,1.37
15,0,59,0.14,1.05
0,0,2,0.99,1.84
3,1,30,0.91,1.73
19,0,21,0.97,1.86
21,0,0,0.94,2.28
17,0,6,0.79,1.46
19,0,32,0.38,1.42
9,1,23,0.55,1.55
16,0,58,0.81,1.65
2,0,20,0.58,1.45
14,1,4,0.33,1.46
0,1,50,0.99,1.71
2,0,34,0.02,1.01
12,0,28,0.4,1.22
7,0,8,0.04,1.04
7,0,51,0.52,1.45
6,0,38,0.39,1.16
16,0,56,0.19,1.0
3,0,40,0.75,1.43
20,0,51,0.3,1.25
4,0,23,0.59,1.39
4,1,51,0.3,1.33
10,1,9,0.53,1.57
18,0,37,0.04,1.0
7,0,0,0.04,1.39
9,0,12,0.11,1.0
18,0,23,0.71,1.69
7,0,29,0.33,1.22
21,0,0,0.17,1.69
21,1,20,0.79,1.77
12,1,50,0.67,1.58
8,1,8,0.81,1.72
15,0,55,0.69,1.4
23,1,13,0.6,1.58
19,0,42,0.54,1.7
20,0,57,0.27,1.23
6,0,25,0.09,1.02
23,1,54,0.62,1.58
0,0,41,0.38,1.16
1,0,10,0.52,1.41
11,1,22,0.26,1.14
21,0,9,0.49,1.48
8,0,42,0.67,1.39
13,1,22,0.02,1.0
14,0,57,0.64,1.36
16,0,30,0.3,1.24
3,0,21,0.06,1.0
19,0,34,0.91,1.88
1,1,5,0.41,1.46
17,0,25,0.51,1.36
1,0,58,0.79,1.39
22,0,53,0.12,1.25
18,0,9,0.58,1.69
14,0,48,0.81,1.64
19,1,29,0.25,1.42
14,0,28,0.59,1.44
20,1,30,0.06,1.01
15,1,35,0.78,1.57
15,1,19,0.04,1.03
6,1,40,0.87,1.75
4,1,57,0.19,1.2
21,0,40,0.64,1.61
1,0,54,0.28,1.04
16,0,31,0.64,1.39
17,0,30,0.85,1.62
1,0,3,0.47,1.41
8,1,58,0.12,1.11
2,1,60,0.49,1.31
21,0,8,0.73,1.65
22,0,11,0.22,1.24
2,0,25,0.91,1.59
1,0,37,0.55,1.43
9,1,16,0.31,1.32
0,1,29,0.46,1.34
11,0,11,0.21,1.03
8,0,22,0.93,1.59
18,1,14,0.23,1.41
6,0,11,0.93,1.58
8,0,53,0.98,1.6
21,0,27,0.14,1.29
5,0,22,0.32,1.2
17,0,42,0.98,1.65
2,0,14,0.54,1.36
8,1,55,0.61,1.53
18,0,2,0.03,1.17
7,0,35,0.9,1.59
1,0,58,0.85,1.55
23,0,50,0.15,1.0
13,1,37,0.74,1.53
9,1,54,0.14,1.19
12,0,24,0.46,1.22
0,0,52,0.85,1.61
21,0,60,0.83,1.85
10,0,40,0.77,1.45
3,0,2,0.59,1.64
19,0,41,0.21,1.24
2,0,52,0.38,1.2
7,0,21,0.68,1.37
13,0,47,0.76,1.45
11,0,54,0.91,1.57
15,0,32,0.39,1.22
18,0,15,1.0,1.9
19,1,44,0.5,1.8
10,0,48,0.38,1.24
21,0,41,0.64,1.62
14,0,21,0.93,1.63
21,0,36,0.69,1.69
21,0,22,0.69,1.6
0,1,59,0.88,1.71
9,1,4,0.53,1.69
9,0,9,0.11,1.04
2,0,35,0.53,1.36
19,0,57,0.55,1.63
14,0,16,0.11,1.02
13,0,51,0.09,1.0
7,0,28,0.78,1.4
20,1,42,0.69,1.81
10,1,31,0.48,1.34
3,1,7,0.29,1.2
19,0,45,0.12,1.21
9,0,44,0.81,1.64
13,0,27,0.87,1.56
6,0,34,0.93,1.65
5,0,31,0.5,1.22
18,0,54,0.79,1.63
11,0,43,0.62,1.38
6,0,26,0.42,1.22
4,1,40,0.37,1.35
0,0,23,0.13,1.01
0,0,58,0.18,1.03
2,1,33,0.56,1.53
9,0,10,0.24,1.02
16,0,12,0.78,1.44
7,0,20,0.53,1.43
7,0,59,0.9,1.63
21,0,20,0.57,1.63
20,1,47,0.13,1.43
0,0,16,0.55,1.42
11,1,1,0.53,1.95
11,0,45,0.77,1.38
14,1,21,0.05,1.02
20,0,27,0.55,1.65
7,0,24,0.44,1.18
2,0,45,0.26,1.0
6,0,10,0.7,1.38
21,0,8,0.56,1.65
20,1,20,0.52,1.8
4,0,25,0.6,1.37
22,0,3,0.55,1.84
11,0,8,0.77,1.39
9,0,51,0.24,1.0
14,0,3,0.05,1.24
10,1,41,0.66,1.51
12,0,26,0.8,1.36
0,0,43,0.33,1.19
19,0,15,0.93,1.87
13,0,11,0.76,1.41
15,0,2,0.0,1.18
18,0,21,0.25,1.28
23,1,10,0.42,1.31
10,0,15,0.01,1.0
16,0,4,0.25,1.12
13,0,10,0.04,1.0
0,0,59,0.88,1.58
6,0,56,0.96,1.6
10,0,56,0.96,1.56
15,1,13,0.87,1.74
1,1,18,0.8,1.52
7,0,60,0.41,1.23
21,0,28,0.23,1.26
6,1,49,0.94,1.71
23,0,4,0.27,1.05
20,0,34,0.86,1.83
7,0,5,0.69,1.49
21,1,13,1.0,1.95
0,1,17,0.96,1.77
1,0,17,0.25,1.03
22,1,3,0.08,1.2
0,0,37,0.91,1.58
20,0,42,0.42,1.43
7,0,7,0.38,1.29
2,1,46,0.82,1.77
23,0,21,0.25,1.0
23,0,53,0.89,1.58
21,0,47,0.69,1.67
14,0,14,0.84,1.6
14,0,14,0.99,1.58
6,0,38,0.08,1.0
7,1,41,0.55,1.6
14,0,10,0.09,1.01
23,0,11,0.52,1.44
23,1,7,0.79,1.68
2,0,23,0.27,1.0
22,0,35,0.99,1.86
13,0,54,0.8,1.62
17,1,52,0.86,1.73
23,1,31,0.03,1.0
13,1,1,0.85,2.16
8,0,33,0.3,1.03
1,0,45,0.68,1.44
12,0,15,0.77,1.39
23,0,35,0.67,1.44
14,0,4,0.84,1.69
15,0,48,0.53,1.44
3,0,25,0.57,1.42
8,0,14,0.94,1.58
23,0,15,0.65,1.45
0,1,37,0.49,1.31
22,1,6,0.19,1.48
2,1,39,0.09,1.0
21,0,13,0.25,1.21
21,0,48,0.29,1.25
8,0,52,0.16,1.0
9,1,44,0.69,1.57
4,0,6,0.59,1.54
7,1,27,0.06,1.0
15,0,13,0.52,1.37
11,0,18,0.36,1.23
13,0,16,0.67,1.41
13,0,16,0.61,1.37
22,1,59,0.64,1.78
7,1,48,0.18,1.15
15,0,41,0.6,1.41
16,1,48,0.5,1.52
4,0,14,0.65,1.35
6,0,5,0.87,1.72
6,0,36,0.09,1.03
21,0,45,0.58,1.65
15,0,31,0.87,1.55
14,1,60,1.0,1.77
1,0,25,0.73,1.38
14,0,15,0.43,1.22
8,0,32,0.48,1.24
19,0,56,0.06,1.0
1,0,8,0.08,1.0
9,1,5,0.53,1.68
1,0,43,0.68,1.35
13,0,44,0.38,1.23
15,0,39,0.4,1.22
5,0,58,0.03,1.01
11,1,17,0.58,1.58
7,0,16,0.3,1.15
15,0,17,0.11,1.05
8,1,5,0.53,1.68
13,0,49,0.03,1.04
2,0,17,0.66,1.38
14,0,17,0.03,1.0
2,0,36,0.5,1.38
16,0,23,0.62,1.42
19,1,17,0.84,1.99
17,0,23,0.08,1.0
8,0,27,0.21,1.03
21,0,48,1.0,1.87
21,1,60,0.98,1.96
22,0,40,0.67,1.63
6,0,23,0.02,1.0
6,0,60,0.82,1.58
9,0,60,0.44,1.19
10,0,29,0.18,1.04
3,0,38,0.67,1.36
17,1,42,0.49,1.39
7,0,57,0.77,1.41
21,0,53,0.74,1.65
14,1,27,0.16,1.1
2,1,23,0.88,1.74
6,1,15,0.62,1.5
13,1,55,0.44,1.33
0,0,54,0.55,1.42
11,1,27,0.43,1.35
13,0,26,0.13,1.01
12,0,43,0.82,1.64
0,1,39,0.54,1.51
20,1,43,0.88,2.02
8,0,11,0.21,1.01
5,1,13,0.34,1.31
16,1,52,0.57,1.52
20,0,32,0.19,1.27
12,0,9,0.49,1.2
22,1,52,0.24,1.39
17,0,45,0.12,1.0
5,0,41,0.58,1.4
12,0,51,0.09,1.04
19,0,13,0.49,1.4
5,0,4,0.49,1.29
18,0,13,0.84,1.9
0,1,5,0.85,1.84
8,1,45,0.37,1.31
10,0,15,0.07,1.02
23,0,5,0.22,1.14
8,0,16,0.22,1.0
4,1,0,0.42,1.8
1,0,23,0.22,1.0
11,0,8,0.7,1.39
20,0,37,0.12,1.28
9,0,32,0.59,1.39
22,0,47,0.21,1.22
10,0,38,0.82,1.63
0,0,59,0.12,1.03
15,1,37,0.57,1.53
20,1,49,0.12,1.38
4,0,55,0.45,1.23
7,0,47,0.33,1.17
7,0,36,0.73,1.43
5,0,48,0.32,1.18
6,0,0,0.39,1.62
16,1,5,0.1,1.09
17,1,27,0.75,1.54
8,0,12,0.49,1.18
9,1,26,0.02,1.0
6,0,16,0.23,1.02
15,0,52,0.62,1.39
1,0,46,0.56,1.44
21,0,29,0.65,1.61
7,0,16,0.02,1.0
1,0,53,0.46,1.2
20,1,26,0.22,1.39
0,0,12,0.11,1.0
2,0,52,0.92,1.63
14,0,39,0.23,1.05
3,1,40,0.04,1.0
23,0,60,0.19,1.0
17,0,51,0.41,1.21
23,1,51,0.95,1.79
6,1,5,0.1,1.06
13,0,7,0.44,1.27
0,0,45,0.01,1.04
22,0,56,0.84,1.85
13,0,24,0.41,1.18
20,1,31,0.58,1.85
15,0,43,0.02,1.03
13,1,45,0.74,1.58
23,0,2,0.59,1.55
3,0,21,0.61,1.38
23,0,47,0.99,1.61
5,0,5,0.07,1.06
7,0,23,0.47,1.19
10,0,3,0.01,1.18
11,1,34,0.59,1.54
18,0,14,0.19,1.2
23,1,59,0.69,1.5
12,0,8,0.92,1.63
2,0,5,0.77,1.47
18,1,47,0.92,1.97
7,0,49,0.93,1.61
3,0,56,0.02,1.0
22,0,57,0.55,1.62
9,0,38,0.17,1.04
6,0,4,0.43,1.27
18,0,38,0.22,1.21
22,0,43,0.55,1.63
3,0,31,0.14,1.0
12,1,38,0.9,1.7
6,0,12,0.3,1.19
7,0,36,0.09,1.0
21,0,16,0.52,1.64
4,0,4,0.66,1.54
1,0,2,0.86,1.78
21,1,50,0.25,1.4
14,0,40,0.65,1.41
6,0,23,0.13,1.02
2,0,32,0.93,1.57
13,0,48,0.84,1.61
10,1,35,0.01,1.0
23,0,33,0.72,1.36
14,0,21,0.58,1.38
23,0,12,0.39,1.16
2,0,59,0.83,1.55
8,0,15,0.1,1.01
22,0,22,0.18,1.25
6,0,26,0.16,1.0
17,0,56,0.2,1.0
21,1,50,0.21,1.38
3,0,42,0.99,1.62
22,0,8,0.49,1.44
4,0,40,0.2,1.02
4,0,42,0.21,1.0
2,0,1,0.16,1.35
21,0,26,0.81,1.8
8,1,28,0.84,1.71
14,0,46,0.2,1.0
6,1,57,0.73,1.52
12,0,37,0.9,1.58
17,0,41,0.29,1.04
16,0,49,0.9,1.64
19,1,38,0.35,1.57
9,0,10,0.49,1.18
22,1,8,0.21,1.41
21,0,28,0.24,1.27
20,0,50,0.67,1.61
9,0,8,0.64,1.42
4,0,31,0.81,1.61
23,0,51,0.02,1.0
23,1,31,0.16,1.17
14,0,54,0.72,1.37
11,1,5,0.04,1.1
23,0,45,0.23,1.04
21,1,0,0.32,1.95
17,0,55,0.37,1.17
20,0,58,0.21,1.21
3,0,15,0.95,1.64
1,0,4,0.88,1.67
7,0,28,0.73,1.42
3,0,57,0.32,1.17
1,0,15,0.62,1.44
8,0,48,0.89,1.62
11,0,51,0.24,1.01
18,0,48,0.88,1.89
16,0,49,0.02,1.0
20,0,24,0.53,1.64
16,0,40,0.5,1.18
10,1,37,0.77,1.53
12,0,1,0.66,1.81
19,1,12,0.94,2.05
12,1,6,0.06,1.06
23,0,42,0.98,1.59
16,0,49,0.93,1.63
11,0,17,0.78,1.38
22,0,20,0.22,1.24
7,0,51,0.92,1.57
9,1,59,0.57,1.59
2,0,24,0.97,1.58
2,1,25,0.76,1.51
10,0,31,0.35,1.21
1,0,21,0.41,1.21
2,0,7,0.08,1.09
23,0,28,0.23,1.03
17,0,10,0.78,1.41
11,0,13,0.73,1.39
16,1,46,0.49,1.33
16,0,32,0.37,1.24
14,0,42,0.29,1.0
19,0,57,0.64,1.65
20,0,58,0.88,1.83
8,0,22,0.53,1.38
22,0,25,0.0,1.0
23,0,26,0.51,1.43
17,0,59,0.92,1.55
17,1,40,0.05,1.0
20,0,33,0.66,1.62
0,1,47,0.71,1.6
21,0,57,0.22,1.24
19,1,19,0.89,1.96
13,0,31,0.04,1.05
5,1,5,0.68,1.69
0,0,35,0.98,1.64
2,1,5,0.97,1.81
18,0,4,0.8,1.72
5,0,8,0.28,1.0
18,0,53,0.62,1.7
17,1,30,0.31,1.37
1,1,3,0.58,1.71
3,0,48,0.2,1.04
8,1,11,0.42,1.36
4,0,54,0.66,1.42
20,0,25,0.2,1.23
18,0,1,0.08,1.41
16,0,43,0.72,1.44
7,0,43,0.46,1.22
3,0,8,0.63,1.36
18,1,12,0.3,1.63
14,0,5,0.95,1.73
4,1,22,0.39,1.36
7,0,22,0.04,1.01
16,1,49,0.54,1.53
11,0,60,0.69,1.45
15,0,36,0.55,1.42
11,1,24,0.89,1.72
17,1,13,0.8,1.56
4,0,49,0.7,1.4
10,0,31,0.4,1.19
11,0,14,0.48,1.25
14,0,47,0.28,1.0
16,1,10,0.76,1.58
17,0,45,0.16,1.0
16,0,20,0.71,1.36
22,0,10,0.87,1.89
2,0,5,0.56,1.51
22,0,35,0.26,1.28
17,0,31,0.59,1.41
10,0,38,0.08,1.0
0,0,18,0.02,1.05
15,0,36,0.21,1.0
18,0,24,0.84,1.84
7,1,56,0.99,1.79
12,1,26,0.81,1.78
6,0,8,0.04,1.04
13,0,39,0.28,1.05
6,0,14,0.2,1.02
23,0,23,0.37,1.19
3,1,25,0.52,1.58
15,0,45,0.65,1.37
21,0,5,0.11,1.36
0,1,34,0.74,1.53
0,0,32,0.58,1.39
1,1,31,0.67,1.53
18,0,51,0.99,1.87
4,0,34,0.83,1.58
15,1,56,0.66,1.56
19,0,12,0.61,1.65
22,0,18,0.77,1.61
20,0,13,0.29,1.26
9,0,6,0.1,1.09
11,1,41,0.93,1.8
12,1,21,0.47,1.31
4,1,11,0.08,1.0
18,0,21,0.03,1.0
4,0,53,0.1,1.0
9,0,37,0.31,1.21
18,0,36,0.14,1.26
13,1,8,0.69,1.57
1,0,21,0.04,1.01
12,1,21,0.84,1.78
5,0,58,0.77,1.44
15,0,25,0.34,1.21
7,0,39,0.6,1.37
17,0,2,0.65,1.56
5,1,10,0.41,1.34
2,0,27,0.25,1.02
22,0,57,0.15,1.27
9,1,15,0.15,1.18
22,0,33,0.93,1.83
13,0,33,0.34,1.19
16,0,54,0.09,1.04
13,1,57,0.28,1.13
2,0,31,0.99,1.57
4,0,26,0.07,1.0
10,0,54,0.79,1.4
17,0,54,0.6,1.44
18,0,29,0.22,1.21
5,1,10,0.4,1.37
8,0,4,0.51,1.46
3,0,13,0.58,1.41
0,1,17,0.64,1.56
16,0,50,0.06,1.02
5,1,44,0.48,1.34
0,0,51,0.52,1.4
16,0,55,0.22,1.0
19,0,35,0.93,1.83
10,0,40,0.14,1.04
18,1,17,0.59,1.79
10,0,60,0.82,1.6
18,0,33,0.16,1.23
13,0,50,0.41,1.2
12,0,22,0.2,1.03
23,0,55,0.71,1.41
10,0,9,0.97,1.6
21,0,41,0.73,1.66
15,0,7,0.34,1.28
1,0,11,0.32,1.2
19,1,21,0.11,1.35
6,0,45,0.37,1.18
9,0,28,0.19,1.03
2,1,7,0.55,1.69
6,0,56,0.3,1.0
20,0,45,0.11,1.23
2,0,56,0.03,1.0
1,1,47,0.82,1.72
20,0,7,0.85,1.92
3,0,43,0.09,1.05
12,0,20,0.19,1.02
7,1,46,0.15,1.18
13,1,40,0.52,1.51
19,0,15,0.09,1.0
11,0,41,0.16,1.0
0,0,59,0.7,1.42
19,0,55,0.34,1.41
13,0,43,0.15,1.0
10,0,5,0.13,1.07
8,1,46,0.63,1.59
0,0,38,0.67,1.4
17,0,47,0.34,1.17
22,0,5,0.89,1.94
15,0,5,0.77,1.47
10,0,60,0.39,1.25
14,0,31,0.64,1.42
19,0,20,0.61,1.62
6,0,11,0.86,1.59
20,0,38,0.7,1.69
18,1,37,0.8,2.02
10,1,37,0.58,1.53
2,0,7,0.3,1.08
1,1,23,0.76,1.53
10,0,32,0.18,1.0
10,1,31,0.23,1.11
23,0,28,0.04,1.03
1,0,8,0.65,1.4
19,1,44,0.57,1.84
8,0,2,0.59,1.63
12,0,16,0.73,1.43
15,0,46,0.79,1.41
10,0,56,0.2,1.05
12,1,9,0.27,1.2
15,0,54,0.41,1.25
10,0,44,0.8,1.64
21,0,4,0.68,1.77
22,0,60,0.91,1.83
0,0,36,0.95,1.58
1,0,48,0.03,1.02
10,0,15,0.29,1.0
13,0,21,0.75,1.35
5,0,0,0.23,1.44
3,0,9,0.96,1.58
20,0,25,0.99,1.86
3,0,12,0.52,1.41
20,0,53,0.26,1.2
17,0,11,0.85,1.6
8,0,29,0.75,1.39
9,0,26,0.07,1.05
13,0,17,0.26,1.02
16,0,6,0.26,1.08
16,1,28,0.44,1.33
9,0,2,0.37,1.43
4,0,24,0.11,1.0
17,1,28,0.68,1.51
8,0,33,0.65,1.39
9,0,46,0.65,1.41
9,0,1,0.37,1.56
16,1,22,0.06,1.04
1,0,17,0.31,1.22
4,0,1,0.42,1.57
8,0,1,0.78,1.77
17,0,14,0.34,1.18
1,0,6,0.93,1.73
6,0,43,0.85,1.55
8,0,5,0.33,1.26
6,0,15,0.89,1.62
18,0,49,0.53,1.67
12,0,28,0.72,1.41
13,0,7,0.56,1.49
11,1,48,0.67,1.51
1,0,9,0.96,1.6
19,0,4,0.52,1.76
16,0,28,0.13,1.0
5,0,30,0.14,1.0
19,1,9,0.81,1.98
20,0,22,0.21,1.25
15,0,12,0.47,1.15
3,0,18,0.23,1.0
0,1,56,0.26,1.19
14,1,23,0.3,1.2
8,1,24,0.09,1.0
6,0,12,0.49,1.21
22,1,24,0.33,1.64
12,0,29,0.09,1.0
4,1,2,0.96,1.99
11,0,14,0.72,1.42
22,1,37,0.42,1.56
0,0,48,0.12,1.0
12,0,15,0.58,1.35
0,1,16,0.06,1.0
1,1,10,0.62,1.53
14,1,24,0.74,1.53
9,0,8,0.64,1.36
2,0,18,0.86,1.6
20,1,55,0.29,1.4
12,1,18,0.02,1.0
23,0,30,0.84,1.59
5,0,35,0.01,1.0
10,1,57,0.7,1.57
14,0,42,0.02,1.05
2,1,11,0.64,1.55
4,0,16,0.13,1.0
11,1,33,0.61,1.58
6,1,18,0.32,1.39
10,1,35,0.61,1.55
10,0,35,0.31,1.22
23,1,39,0.3,1.4
2,1,53,0.82,1.72
2,0,34,0.63,1.39
10,0,14,0.54,1.44
2,0,37,0.49,1.18
9,0,42,0.09,1.0
5,1,23,0.27,1.11
10,1,27,0.45,1.4
18,1,16,0.06,1.03
21,0,4,0.54,1.79
7,0,58,0.79,1.4
1,1,16,0.99,1.8
6,1,41,0.19,1.17
1,0,59,0.17,1.01
20,0,53,0.13,1.22
4,0,8,0.54,1.39
21,0,13,0.21,1.27
19,1,41,0.44,1.62
7,0,11,0.59,1.36
2,0,8,0.62,1.41
16,0,42,0.17,1.0
18,0,45,0.56,1.65
22,0,9,0.54,1.63
8,0,42,0.93,1.59
10,0,46,0.99,1.59
20,0,35,0.28,1.23
13,1,35,0.24,1.19
17,0,8,0.8,1.41
21,0,18,0.1,1.0
14,0,3,0.65,1.57
12,1,33,0.22,1.17
19,0,54,0.1,1.0
7,0,43,0.61,1.44
12,1,50,0.93,1.73
19,0,34,0.31,1.49
18,0,37,0.05,1.02
13,1,43,0.06,1.0
4,0,38,0.72,1.38
11,0,0,0.94,1.95
7,0,26,0.3,1.2
8,1,42,0.83,1.72
15,0,52,0.84,1.59
17,0,3,0.15,1.19
21,0,54,0.22,1.25
7,0,48,0.84,1.56
19,0,11,0.77,1.67
7,0,46,0.77,1.36
0,0,48,0.56,1.45
13,1,25,0.52,1.54
13,0,39,1.0,1.65
13,0,18,0.45,1.21
10,0,49,0.05,1.0
10,0,56,0.25,1.04
6,0,15,0.67,1.37
14,1,34,0.93,1.73
23,0,24,0.06,1.0
22,0,41,0.69,1.68
17,1,43,0.78,1.59
5,0,54,0.8,1.65
10,0,48,0.74,1.35
15,0,39,0.04,1.01
20,0,0,0.1,1.4
20,0,20,0.71,1.65
2,1,59,0.41,1.34
19,0,37,0.27,1.28
5,0,34,0.48,1.24
10,1,15,0.98,1.73
2,0,33,0.44,1.17
10,1,53,0.82,1.74
2,0,56,0.24,1.0
12,0,15,0.25,1.02
20,0,43,0.06,1.0
16,0,38,0.46,1.2
13,1,0,0.53,1.95
20,0,13,0.55,1.63
12,0,57,0.84,1.6
15,1,16,0.51,1.52
19,1,49,0.17,1.36
2,0,55,0.8,1.36
1,0,8,0.97,1.59
7,1,18,1.0,1.77
0,1,32,0.44,1.3
5,1,13,0.5,1.39
14,0,25,0.12,1.03
21,0,12,0.71,1.63
0,1,41,0.43,1.34
15,0,2,0.12,1.23
2,1,27,0.21,1.14
15,0,32,0.17,1.05
14,0,25,1.0,1.62
13,0,11,0.36,1.19
8,0,0,0.45,1.57
16,1,56,0.38,1.37
4,1,20,0.96,1.76
18,1,47,0.83,2.02
9,0,3,0.74,1.62
13,0,30,0.7,1.44
4,0,33,0.33,1.25
7,1,34,0.1,1.12
7,1,2,0.49,1.57
11,0,56,0.2,1.0
11,0,26,0.28,1.0
3,0,5,0.14,1.13
13,0,60,0.41,1.23
12,0,8,0.98,1.6
19,0,43,0.75,1.69
23,0,12,0.02,1.0
16,0,35,0.63,1.37
23,0,52,0.38,1.18
22,0,31,0.48,1.41
4,0,11,0.58,1.43
4,0,58,0.18,1.02
12,1,60,0.73,1.53
17,0,34,0.15,1.0
2,0,52,0.58,1.36
22,0,26,0.91,1.83
16,0,0,0.03,1.41
6,0,25,0.12,1.0
9,0,53,0.49,1.21
4,0,17,0.83,1.58
3,1,56,0.49,1.33
11,0,47,0.97,1.57
2,0,24,0.64,1.41
18,0,6,0.56,1.8
12,1,36,0.46,1.31
8,1,52,0.17,1.19
12,0,33,0.95,1.64
2,0,57,0.13,1.04
10,0,28,0.36,1.16
6,1,32,0.38,1.37
15,0,34,0.28,1.03
20,1,26,0.56,1.79
20,0,5,0.5,1.58
8,1,20,0.32,1.3
4,0,10,0.44,1.23
10,0,15,0.88,1.63
20,0,16,0.79,1.68
0,0,57,0.02,1.0
10,0,50,0.48,1.23
2,0,27,0.17,1.0
11,0,3,0.4,1.42
8,0,36,0.45,1.18
19,0,23,0.51,1.68
16,0,46,0.22,1.05
15,0,25,0.47,1.22
17,0,13,0.84,1.62
4,1,18,0.28,1.13
7,0,17,0.26,1.04
19,0,11,0.29,1.23
20,0,60,0.87,1.81
3,0,31,0.88,1.63
13,1,22,0.33,1.34
18,1,20,0.05,1.0
3,0,57,0.63,1.4
5,0,57,0.25,1.04
15,1,25,0.44,1.36
3,0,46,0.75,1.4
22,0,47,0.13,1.26
16,0,5,0.1,1.08
16,0,7,0.89,1.73
6,0,39,0.74,1.43
13,0,45,0.69,1.36
15,1,0,0.02,1.43
20,0,16,0.11,1.28
8,0,48,0.31,1.23
17,1,40,0.12,1.17
20,0,41,0.72,1.62
1,0,19,0.36,1.23
13,0,3,0.16,1.22
23,0,24,0.13,1.0
19,1,53,0.88,2.03
22,0,25,0.0,1.01
5,0,49,0.1,1.02
16,1,44,0.35,1.39
13,0,43,0.35,1.23
22,0,44,0.69,1.68
11,0,58,0.19,1.04
8,1,26,0.42,1.38
22,1,27,0.76,1.77
6,0,17,0.25,1.0
9,0,44,0.4,1.21
22,0,16,0.82,1.88
16,0,32,0.48,1.15
23,0,6,0.1,1.15
22,0,5,0.37,1.51
21,0,21,0.58,1.67
18,0,15,0.07,1.05
18,0,0,0.34,1.9
0,0,49,0.9,1.61
20,0,57,0.64,1.69
15,1,17,0.4,1.34
13,0,4,0.57,1.48
2,0,53,0.41,1.17
3,0,25,0.81,1.57
21,0,42,0.13,1.29
6,1,1,0.96,2.18
5,0,7,0.62,1.53
18,1,50,0.34,1.6
7,1,23,0.82,1.79
16,0,56,0.85,1.62
11,1,5,0.42,1.47
8,0,43,0.54,1.38
1,0,35,0.94,1.56
7,0,19,0.18,1.0
16,1,19,0.92,1.78
2,1,0,0.6,1.91
8,0,36,0.96,1.56
15,0,3,0.89,1.78
13,0,12,0.73,1.4
21,0,57,0.84,1.8
16,0,11,0.03,1.05
3,0,28,0.52,1.41
9,0,3,0.76,1.6
0,0,13,0.78,1.41
12,1,21,0.81,1.78
1,0,41,0.51,1.38
23,0,0,0.8,1.99
1,0,3,0.87,1.8
9,0,57,0.18,1.02
13,0,60,0.33,1.15
8,1,58,0.4,1.38
16,1,40,0.07,1.0
18,0,11,0.3,1.22
22,0,2,0.53,1.85
18,0,31,0.09,1.04
13,0,51,0.1,1.0
2,0,57,0.07,1.0
23,0,33,0.53,1.45
18,0,20,0.11,1.27
0,0,45,0.14,1.0
15,0,36,0.99,1.56
14,0,41,0.25,1.0
3,0,4,0.19,1.08
11,0,46,0.37,1.22
21,0,25,0.31,1.42
16,0,26,0.4,1.18
8,0,55,0.74,1.37
15,1,11,0.49,1.36
7,1,14,0.14,1.19
12,0,59,0.48,1.21
13,0,13,0.64,1.39
3,1,25,0.05,1.0
23,0,30,0.13,1.01
15,0,16,0.43,1.24
11,1,4,0.31,1.44
18,0,26,0.87,1.84
6,0,12,0.98,1.62
7,1,16,0.34,1.4
17,1,26,0.65,1.59
13,0,14,0.14,1.0
7,0,32,0.09,1.01
11,1,59,0.86,1.71
16,0,48,0.56,1.42
20,0,39,0.6,1.62
13,0,52,0.11,1.0
14,1,46,0.1,1.12
14,0,6,0.08,1.07
14,0,20,0.09,1.0
17,0,20,0.77,1.38
16,0,57,0.89,1.61
0,1,45,0.06,1.0
0,0,17,0.37,1.2
13,1,43,0.3,1.36
16,0,6,0.82,1.72
6,0,34,0.52,1.37
9,0,38,0.36,1.22
1,0,55,0.86,1.62
8,0,0,0.4,1.56
18,0,45,0.7,1.68
19,0,57,0.54,1.66
2,1,8,0.38,1.31
16,1,33,0.96,1.79
4,0,36,0.63,1.42
11,0,25,0.97,1.56
22,0,0,0.79,2.05
9,0,43,0.86,1.58
10,0,1,0.24,1.41
21,0,27,0.44,1.45
19,0,51,0.11,1.29
9,1,55,0.01,1.0
23,1,59,0.24,1.15
7,1,16,0.77,1.52
17,0,24,0.93,1.57
23,0,26,0.47,1.18
5,0,29,0.53,1.42
1,0,2,0.3,1.2
7,0,57,0.48,1.24
22,0,38,0.46,1.43
10,0,59,0.99,1.59
23,0,21,0.35,1.23
18,1,23,0.67,1.8
6,0,17,0.54,1.4
18,0,29,0.53,1.68
13,0,39,0.33,1.24
16,0,37,0.5,1.18
13,0,3,0.61,1.57
2,1,54,0.96,1.77
4,0,12,0.46,1.16
10,1,17,0.52,1.55
1,1,46,0.87,1.77
19,0,5,0.35,1.54
8,1,33,0.56,1.51
19,1,39,0.06,1.0
7,1,22,0.56,1.57
9,1,37,0.17,1.15
12,1,55,0.39,1.33
3,0,17,0.75,1.39
21,0,29,0.59,1.69
14,1,31,0.83,1.77
8,0,27,0.47,1.2
0,0,46,0.71,1.38
5,0,59,0.31,1.19
1,0,9,0.8,1.38
15,0,25,0.27,1.0
19,0,0,0.68,2.06
9,0,54,0.1,1.0
14,0,36,0.76,1.36
8,0,25,0.39,1.23
0,0,33,0.56,1.41
4,0,14,0.57,1.41
14,0,10,0.03,1.01
11,0,59,0.13,1.0
20,1,34,0.15,1.42
12,0,45,0.09,1.0
6,0,58,0.7,1.38
0,0,20,0.37,1.2
21,0,34,0.79,1.69
13,0,51,0.96,1.63
19,0,56,0.06,1.0
9,0,46,0.58,1.43
18,0,2,0.71,1.9
4,1,16,0.32,1.39
19,0,17,0.97,1.87
22,0,29,0.16,1.3
8,1,60,0.1,1.15
11,1,29,0.15,1.17
17,0,55,0.43,1.24
2,1,54,0.3,1.35
10,0,43,0.09,1.0
7,1,7,0.95,1.88
19,0,37,0.09,1.05
19,1,23,0.92,2.01
13,0,14,0.85,1.58
19,0,21,0.32,1.43
13,0,48,0.23,1.0
22,1,22,0.03,1.0
13,0,36,0.91,1.62
9,0,58,0.97,1.64
4,1,32,0.53,1.55
8,0,30,0.87,1.57
1,0,58,0.53,1.39
4,1,10,0.43,1.31
15,0,39,0.14,1.0
14,0,44,0.53,1.42
13,0,7,0.65,1.5
2,0,54,0.38,1.24
13,0,16,0.24,1.0
20,1,33,0.03,1.0
11,0,52,0.86,1.56
10,0,12,0.51,1.4
5,0,21,0.23,1.0
19,0,51,0.29,1.28
0,1,31,0.57,1.51
0,0,37,0.36,1.16
5,1,16,0.39,1.31
4,0,59,0.45,1.17
11,1,14,0.65,1.59
12,0,14,0.01,1.0
8,0,35,0.64,1.4
1,0,48,0.89,1.6
22,1,45,0.18,1.42
10,0,42,0.82,1.63
14,0,3,0.91,1.76
4,1,38,0.77,1.57
22,1,18,0.8,1.82
16,0,29,0.18,1.0
18,0,50,0.22,1.27
6,0,29,0.44,1.17
12,0,32,0.23,1.0
22,0,54,0.52,1.65
8,0,36,0.4,1.24
3,0,17,0.8,1.37
21,1,56,0.98,1.96
10,0,44,0.51,1.43
1,1,16,0.15,1.16
17,1,18,0.8,1.6
1,1,11,0.78,1.6
14,0,37,0.64,1.35
6,0,9,0.77,1.37
7,0,25,0.58,1.43
20,1,58,0.91,2.0
12,0,13,0.09,1.0
7,1,14,0.72,1.51
4,0,6,0.06,1.07
4,0,44,0.43,1.17
10,0,58,0.85,1.64
0,0,48,0.1,1.0
11,0,12,0.33,1.17
5,1,53,0.4,1.33
15,0,13,0.85,1.6
2,0,23,0.86,1.61
14,0,43,0.27,1.01
10,0,46,0.71,1.43
17,0,40,0.99,1.57
5,0,41,0.34,1.25
9,0,26,0.39,1.21
18,1,44,0.14,1.44
18,0,34,0.6,1.69
6,0,12,0.66,1.44
18,0,20,0.53,1.64
14,0,17,0.7,1.39
7,0,18,0.07,1.01
16,0,53,0.63,1.4
9,0,27,0.59,1.4
9,0,43,0.06,1.0
12,0,59,0.51,1.44
11,1,33,0.36,1.34
4,1,38,0.77,1.59
21,0,48,0.77,1.61
22,1,18,0.81,2.01
13,0,20,0.2,1.0
6,0,41,0.71,1.45
9,0,20,0.69,1.39
17,0,47,0.07,1.02
2,0,54,0.9,1.57
6,1,17,0.78,1.56
17,0,33,0.9,1.55
20,1,50,0.13,1.42
20,1,57,0.6,1.81
3,1,14,0.1,1.0
2,0,2,0.91,1.81
23,1,8,0.15,1.11
21,1,30,0.01,1.0
6,0,3,0.29,1.23
12,0,38,0.74,1.45
12,1,16,0.57,1.58
23,0,22,0.15,1.04
16,0,28,0.99,1.62
3,0,53,0.57,1.43
9,1,22,0.71,1.55
8,0,2,0.52,1.64
10,1,55,0.34,1.33
3,0,6,0.75,1.55
16,0,32,0.69,1.45
20,0,15,0.58,1.69
0,0,32,0.86,1.57
18,0,52,0.95,1.85
13,1,24,0.99,1.75
14,0,50,0.16,1.0
9,0,23,0.74,1.41
23,1,44,0.11,1.18
19,0,33,0.12,1.26
23,0,9,0.08,1.0
4,0,19,0.15,1.02
19,0,48,0.12,1.24
9,0,43,0.47,1.2
21,0,8,0.65,1.61
10,0,6,0.75,1.49
12,0,42,0.71,1.37
20,0,59,0.38,1.47
9,0,0,0.66,1.79
20,0,24,0.74,1.65
2,0,11,0.96,1.56
7,1,32,0.58,1.52
7,0,48,0.66,1.39
14,1,32,0.55,1.6
11,0,13,0.31,1.24
14,0,22,0.15,1.03
17,1,0,0.28,1.53
5,0,49,0.99,1.64
21,1,57,0.69,1.79
2,0,9,0.65,1.4
13,1,7,0.44,1.42
12,0,52,0.36,1.2
12,0,10,0.09,1.0
20,1,3,0.81,2.17
3,0,18,0.56,1.43
17,0,31,0.56,1.39
3,0,31,0.26,1.0
20,0,10,0.52,1.6
6,1,3,0.74,1.79
2,1,47,0.28,1.12
0,0,21,0.38,1.23
8,0,25,0.58,1.36
5,1,30,0.26,1.13
18,1,34,0.37,1.63
10,0,56,0.1,1.0
15,1,43,0.75,1.57
0,1,43,0.76,1.6
21,1,58,0.07,1.05
3,1,35,0.75,1.53
10,0,45,0.77,1.4
19,0,26,0.36,1.47
11,0,7,0.64,1.55
9,0,58,0.41,1.16
8,0,7,0.3,1.25
2,0,46,0.97,1.6
18,0,41,0.84,1.85
3,1,52,0.18,1.11
14,1,14,0.29,1.17
9,0,23,0.08,1.04
12,0,18,0.76,1.45
0,0,29,0.05,1.0
9,1,11,0.6,1.5
5,0,9,0.88,1.63
14,1,25,0.8,1.75
1,0,59,0.52,1.45
13,1,19,0.94,1.73
15,0,37,0.17,1.03
19,1,6,0.98,2.06
13,0,47,0.73,1.38
17,0,46,0.79,1.36
22,0,5,0.27,1.38
4,0,34,0.32,1.24
0,1,42,0.78,1.55
11,0,49,0.24,1.0
10,1,3,0.78,1.79
18,1,21,0.16,1.37
17,0,40,0.62,1.44
21,1,43,0.85,2.0
10,0,21,0.96,1.64
22,0,22,0.52,1.7
4,0,29,0.6,1.39
15,0,10,0.25,1.0
16,0,35,0.17,1.02
14,0,50,0.67,1.42
16,0,1,0.42,1.63
12,1,37,0.69,1.58
9,1,42,0.21,1.17
17,1,46,0.33,1.33
7,1,41,0.33,1.3
22,1,21,0.09,1.0
13,0,54,0.57,1.43
5,0,59,0.46,1.24
11,0,14,0.46,1.18
10,1,11,0.02,1.0
8,0,2,0.02,1.23
8,1,46,0.84,1.76
1,0,57,0.89,1.61
5,1,27,0.44,1.32
5,1,51,0.02,1.01
3,1,56,0.45,1.34
15,0,49,0.79,1.41
22,0,42,0.39,1.44
4,1,15,0.81,1.74
14,0,13,0.26,1.0
1,0,0,0.86,2.03
9,0,45,0.36,1.15
8,0,26,0.2,1.0
16,0,44,0.32,1.17
18,0,17,0.97,1.88
7,0,32,0.56,1.43
1,0,50,0.56,1.38
8,0,21,0.57,1.37
9,0,20,0.11,1.0
0,0,47,0.29,1.03
4,0,18,0.98,1.56
14,0,12,0.25,1.03
8,1,43,0.91,1.78
18,1,17,0.54,1.78
3,1,25,0.24,1.1
11,0,38,0.62,1.4
23,0,3,0.3,1.39
1,0,34,0.61,1.42
12,0,44,0.98,1.63
15,0,3,0.17,1.24
15,0,57,0.77,1.39
19,0,1,0.07,1.41
2,0,49,0.01,1.0
6,0,52,0.22,1.0
5,1,35,0.97,1.74
15,0,51,0.74,1.38
20,0,51,0.47,1.43
19,0,54,0.1,1.0
17,0,5,0.41,1.26
22,0,25,0.45,1.41
9,1,34,0.64,1.5
18,0,60,0.24,1.28
0,0,31,0.26,1.02
20,0,12,0.53,1.64
23,0,30,0.08,1.03
22,1,48,0.45,1.61
6,0,37,0.47,1.23
7,0,60,0.58,1.4
7,0,9,0.91,1.62
0,0,44,0.25,1.0
2,1,45,0.05,1.0
14,0,59,0.26,1.05
19,0,53,0.32,1.5
9,0,30,0.92,1.63
3,1,3,0.52,1.7
23,0,2,0.13,1.18
0,1,31,0.83,1.73
11,1,42,0.82,1.79
3,0,20,0.23,1.0
11,0,53,0.22,1.03
9,0,31,0.28,1.03
9,0,27,0.04,1.03
21,0,31,0.57,1.6
3,0,48,0.54,1.37
13,0,9,0.11,1.0
11,0,36,0.9,1.63
13,1,1,0.68,1.92
13,0,39,0.23,1.0
22,0,49,0.21,1.25
6,1,14,0.65,1.57
21,0,38,0.4,1.49
4,0,19,0.29,1.0
3,0,20,0.42,1.18
10,0,33,0.86,1.59
1,1,59,0.61,1.55
15,1,5,0.4,1.46
5,0,32,0.27,1.0
14,1,2,0.98,1.96
14,1,13,0.24,1.13
16,0,43,0.93,1.56
16,0,19,0.89,1.55
16,0,19,0.53,1.39
12,0,38,0.81,1.6
3,1,5,0.58,1.67
20,1,31,0.06,1.01
9,0,53,0.61,1.41
21,0,34,0.11,1.24
19,0,20,0.38,1.49
9,0,55,0.8,1.57
21,0,43,0.62,1.64
6,0,58,0.46,1.21
9,0,14,0.08,1.0
18,1,44,0.42,1.58
15,1,38,0.42,1.35
13,1,13,0.43,1.36
1,0,60,0.18,1.0
19,1,13,0.61,1.79
16,0,56,0.29,1.03
12,0,37,0.94,1.55
19,0,25,0.98,1.85
7,0,55,0.02,1.04
4,1,48,0.43,1.31
13,0,56,0.67,1.4
15,0,21,0.14,1.0
6,0,16,0.15,1.01
5,1,60,0.01,1.0
9,0,60,0.14,1.0
18,0,1,0.7,2.09
8,1,8,0.87,1.75
0,0,43,0.48,1.24
16,1,26,0.29,1.15
22,1,38,0.9,1.99
17,0,1,0.86,2.01
8,0,39,0.16,1.02
5,0,55,0.53,1.43
9,0,57,0.09,1.0
5,0,7,0.66,1.49
9,1,35,0.41,1.37
0,0,20,0.8,1.57
3,0,42,0.04,1.0
8,1,16,0.49,1.39
15,0,60,0.8,1.43
0,0,49,0.84,1.65
18,1,6,0.28,1.45
18,0,54,0.42,1.46
13,1,23,0.32,1.31
4,1,52,0.2,1.15
16,0,46,0.56,1.38
14,0,17,0.79,1.43
15,1,53,0.2,1.11
16,0,54,0.28,1.01
10,0,60,0.86,1.62
21,1,54,0.05,1.0
12,0,59,0.43,1.21
6,0,16,0.83,1.56
12,1,1,0.61,1.95
3,0,24,0.59,1.44
11,0,44,0.22,1.04
10,1,2,0.28,1.34
8,1,26,0.67,1.57
15,1,33,0.54,1.53
20,0,59,0.21,1.29
0,0,54,0.19,1.01
7,0,1,0.78,1.84
8,0,53,0.35,1.17
8,0,19,0.82,1.64
0,0,38,0.03,1.0
4,0,60,0.35,1.17
8,0,24,0.71,1.42
15,1,47,0.5,1.3
22,1,39,0.51,1.77
13,0,28,0.88,1.58
0,0,46,0.95,1.57
16,0,26,0.19,1.04
8,1,35,0.08,1.01
14,1,36,0.67,1.55
19,0,3,0.63,1.8
4,0,36,0.87,1.64
6,0,54,0.19,1.04
1,0,36,0.45,1.23
9,0,20,0.22,1.0
14,1,48,0.53,1.55
9,0,45,1.0,1.64
20,0,50,0.63,1.63
22,0,8,0.59,1.61
19,0,41,0.37,1.44
5,1,38,0.84,1.7
15,1,11,0.33,1.33
3,1,56,0.0,1.02
6,0,1,0.92,2.03
11,1,47,0.12,1.13
23,0,49,0.62,1.36
23,1,18,0.17,1.2
10,1,41,0.57,1.56
1,0,16,0.8,1.64
14,0,50,0.65,1.39
11,0,33,0.54,1.41
13,0,9,0.13,1.01
15,0,10,0.21,1.0
4,0,32,0.73,1.43
3,0,31,0.61,1.38
21,0,35,0.12,1.27
0,0,53,0.79,1.35
20,0,31,0.51,1.67
6,0,15,0.56,1.45
5,1,33,0.55,1.6
5,0,17,0.55,1.42
15,1,39,0.52,1.51
20,0,21,0.43,1.42
1,0,28,0.69,1.44
1,0,53,0.49,1.22
20,0,43,0.51,1.63
14,0,2,0.99,1.85
6,0,12,0.47,1.18
19,0,11,0.78,1.66
10,0,22,0.56,1.44
23,0,27,0.35,1.19
16,0,35,0.78,1.37
10,0,10,0.74,1.41
22,1,49,0.97,1.99
6,0,0,0.74,1.76
2,0,37,0.98,1.63
3,0,33,0.35,1.19
16,0,5,0.02,1.13
12,0,6,0.47,1.34
17,0,37,0.21,1.03
14,0,10,0.22,1.0
0,1,5,0.64,1.69
5,0,26,0.75,1.39
19,1,27,0.79,1.76
2,0,50,0.95,1.57
18,0,31,0.92,1.89
19,0,30,0.49,1.48
1,1,14,0.51,1.53
21,0,4,0.05,1.08
6,0,24,0.46,1.16
18,0,21,0.76,1.68
7,1,48,0.91,1.71
8,0,50,0.27,1.03
9,1,52,0.21,1.12
8,0,16,0.92,1.59
8,0,32,0.89,1.56
22,1,40,0.77,1.84
16,0,23,0.55,1.37
11,0,32,0.36,1.24
19,1,59,0.33,1.59
3,1,40,0.22,1.13
17,0,1,0.75,1.84
1,0,37,0.18,1.04
23,1,29,0.3,1.18
12,0,44,0.39,1.22
14,0,44,0.73,1.41
2,0,25,0.63,1.35
7,0,0,0.09,1.41
19,0,25,0.93,1.86
12,0,50,0.79,1.4
23,0,32,0.8,1.6
9,0,21,0.66,1.38
14,1,15,0.53,1.51
21,0,49,1.0,1.8
15,0,47,0.29,1.01
1,0,44,0.37,1.25
17,0,4,0.79,1.48
21,1,45,0.2,1.39
21,0,30,0.4,1.42
19,0,41,0.6,1.66
15,0,49,0.54,1.41
4,0,35,0.31,1.24
17,0,8,0.72,1.41
17,1,13,0.8,1.57
15,0,28,0.48,1.19
18,0,50,0.27,1.26
23,0,12,0.67,1.4
18,0,57,0.79,1.65
19,1,1,0.88,2.35
21,0,1,0.79,2.08
5,0,49,0.47,1.15
17,0,53,0.05,1.05
19,1,21,0.21,1.37
13,0,14,0.79,1.37
6,0,43,0.9,1.64
20,0,7,0.21,1.39
12,1,2,0.52,1.73
3,0,39,0.53,1.44
15,0,47,0.61,1.4
22,0,39,0.65,1.68
18,1,5,0.39,1.74
7,0,55,0.13,1.01
10,0,16,0.72,1.42
8,0,6,0.44,1.28
22,0,25,0.23,1.28
22,1,30,0.03,1.01
17,1,28,0.86,1.74
6,0,19,0.23,1.0
20,0,28,0.41,1.47
23,1,29,0.97,1.78
1,0,7,0.92,1.72
8,1,18,0.05,1.0
15,0,37,0.3,1.01
9,1,7,0.78,1.64
14,0,37,0.07,1.02
17,0,50,0.97,1.59
12,0,40,0.93,1.58
21,0,52,0.81,1.8
2,1,25,0.73,1.58
21,0,22,0.7,1.66
21,0,31,0.82,1.81
7,1,58,0.86,1.73
13,0,37,0.27,1.0
9,0,46,0.63,1.45
8,0,11,0.83,1.64
7,0,46,0.95,1.65
10,1,56,0.64,1.5
9,0,54,0.29,1.0
12,0,1,0.58,1.82
18,0,8,0.03,1.0
14,1,46,0.37,1.4
9,0,51,0.08,1.0
0,0,15,0.74,1.38
20,0,30,0.83,1.82
17,0,37,0.77,1.4
13,0,51,0.7,1.4
7,0,0,0.42,1.57
12,0,45,0.18,1.01
17,0,24,0.13,1.04
4,1,4,0.4,1.47
1,0,40,0.0,1.02
6,1,55,0.66,1.57
12,0,36,0.28,1.0
17,1,5,0.52,1.64
11,0,55,0.14,1.0
0,0,44,0.52,1.37
22,0,35,0.41,1.43
18,0,39,0.48,1.49
3,0,60,0.77,1.41
22,0,30,0.22,1.27
13,0,60,0.74,1.36
4,0,0,0.9,2.01
15,0,43,0.06,1.0
13,0,45,0.72,1.37
14,0,41,0.72,1.37
23,0,51,0.94,1.57
21,0,44,0.84,1.82
2,0,11,0.29,1.03
4,0,44,0.91,1.61
1,1,15,0.65,1.53
10,0,41,0.16,1.03
9,0,55,0.05,1.0
12,0,8,0.99,1.59
19,1,18,0.99,1.98
7,0,18,0.34,1.22
8,0,31,0.1,1.02
0,0,24,0.59,1.41
4,1,26,0.14,1.13
14,0,41,0.11,1.0
19,0,9,0.7,1.66
13,0,38,0.57,1.43
18,1,6,0.04,1.12
19,0,36,0.32,1.5
13,1,21,0.55,1.52
17,0,19,0.06,1.0
22,1,27,0.23,1.42
23,0,22,0.63,1.43
21,0,19,0.19,1.28
22,0,27,0.69,1.62
8,0,42,0.12,1.0
1,1,33,0.23,1.18
18,1,19,0.95,2.03
13,0,55,0.26,1.0
17,0,12,0.73,1.44
0,0,55,0.75,1.36
10,0,39,0.52,1.38
4,0,30,0.4,1.24
17,0,40,0.28,1.0
15,1,50,0.31,1.34
14,0,4,0.64,1.53
0,1,59,0.48,1.38
18,1,51,0.77,1.78
20,0,8,0.42,1.44
4,0,45,0.6,1.42
2,0,18,0.94,1.59
18,0,57,0.89,1.88
22,0,26,0.22,1.22
2,0,4,0.02,1.11
6,1,41,0.14,1.11
21,0,24,0.58,1.61
4,1,51,0.8,1.57
5,1,51,0.03,1.0
1,0,51,0.88,1.57
6,0,52,0.59,1.4
17,0,9,0.52,1.39
8,0,42,0.69,1.41
23,0,29,0.01,1.0
16,0,6,0.5,1.29
17,0,29,0.71,1.43
12,0,36,0.17,1.0
10,1,43,0.97,1.74
14,0,58,0.01,1.0
9,0,0,0.91,1.97
19,1,46,0.45,1.56
16,1,1,0.32,1.8
5,1,35,0.32,1.33
0,0,48,0.68,1.37
9,0,4,0.83,1.7
21,0,4,0.47,1.6
11,1,29,0.28,1.14
4,1,56,0.57,1.6
7,0,11,0.06,1.02
15,0,24,0.97,1.57
23,1,3,0.13,1.31
17,1,4,0.98,1.89
14,1,19,0.0,1.01
21,0,51,0.5,1.49
10,1,43,0.58,1.58
0,0,44,0.1,1.0
9,1,50,0.54,1.59
2,0,36,0.93,1.64
6,0,53,0.01,1.0
7,0,56,0.74,1.36
14,0,41,0.46,1.23
22,1,44,0.5,1.55
11,0,59,0.88,1.59
14,1,32,0.68,1.58
14,1,55,0.29,1.11
23,0,50,0.58,1.41
1,0,10,0.22,1.0
7,0,20,0.15,1.0
15,0,49,0.1,1.02
23,1,5,0.94,1.84
9,0,27,0.48,1.25
2,1,37,0.34,1.37
0,1,58,0.17,1.14
7,0,20,0.75,1.42
8,0,33,0.37,1.15
7,0,44,0.79,1.36
1,1,2,0.27,1.39
18,1,36,0.04,1.0
13,1,34,0.6,1.6
2,0,56,0.53,1.43
16,0,4,0.58,1.46
16,1,29,0.15,1.17
17,0,48,0.71,1.38
0,0,3,0.9,1.79
18,0,40,0.18,1.28
1,0,35,0.6,1.36
4,0,18,0.67,1.37
11,1,39,0.53,1.56
21,0,47,0.67,1.61
6,0,30,0.85,1.55
20,0,25,0.48,1.49
3,0,26,0.52,1.42
11,1,55,0.77,1.51
6,0,32,0.93,1.57
0,1,21,0.39,1.33
23,0,11,0.72,1.42
23,0,1,0.08,1.36
2,0,3,0.36,1.38
13,0,47,0.16,1.01
0,0,14,0.07,1.0
11,0,59,0.55,1.36
10,1,37,0.53,1.51
17,1,59,0.87,1.79
16,0,13,0.84,1.64
19,0,29,0.06,1.0
0,1,51,0.63,1.59
12,0,29,0.96,1.57
15,0,51,0.13,1.03
19,1,21,0.48,1.57
8,0,45,0.91,1.6
16,0,58,0.24,1.0
10,0,49,0.08,1.01
18,0,26,0.81,1.88
18,0,49,0.86,1.84
7,0,27,0.84,1.56
23,1,10,0.8,1.74
21,0,27,0.88,1.82
14,1,55,0.39,1.31
11,0,49,0.62,1.38
5,0,57,0.91,1.61
12,0,27,0.35,1.2
15,0,11,0.06,1.0
12,0,53,0.12,1.02
18,0,29,0.51,1.67
5,1,12,0.27,1.19
23,1,32,0.17,1.1
8,1,32,0.78,1.54
17,0,54,0.84,1.64
18,1,8,0.04,1.0
18,0,50,0.54,1.6
21,0,11,0.51,1.66
16,0,36,0.54,1.41
9,1,50,0.61,1.57
19,1,34,0.9,2.02
23,1,38,0.18,1.17
23,0,12,0.46,1.19
11,1,37,0.58,1.59
5,0,37,0.47,1.2
22,0,37,0.51,1.66
21,0,20,0.62,1.66
11,0,19,0.86,1.57
13,1,50,0.17,1.19
23,0,57,0.78,1.36
7,0,43,0.69,1.38
4,1,11,0.79,1.58
19,0,8,0.5,1.66
20,0,23,0.4,1.47
20,0,22,0.96,1.82
1,0,1,0.32,1.64
2,0,23,0.89,1.65
14,0,22,0.76,1.37
12,1,6,0.42,1.5
2,0,58,0.01,1.0
21,0,32,0.05,1.0
8,0,52,0.65,1.37
4,1,52,0.47,1.37
10,1,56,0.17,1.16
0,0,4,0.87,1.7
14,1,23,0.44,1.37
5,1,42,0.23,1.1
5,0,12,0.53,1.38
19,1,18,0.04,1.0
14,0,13,0.32,1.15
12,0,34,0.45,1.22
13,0,51,0.53,1.37
7,0,20,0.24,1.0
18,0,16,0.21,1.27
19,0,42,0.73,1.7
11,0,31,0.32,1.22
22,0,26,0.07,1.01
19,0,1,0.34,1.87
8,0,29,0.92,1.59
10,0,19,0.23,1.02
23,1,44,0.83,1.74
1,0,14,0.09,1.02
2,1,46,0.78,1.51
6,0,34,0.45,1.2
12,1,22,0.24,1.12
14,1,12,0.08,1.02
20,0,57,0.5,1.65
6,0,43,0.48,1.23
14,1,34,0.89,1.78
8,0,35,0.99,1.63
17,0,34,0.84,1.6
8,0,60,0.36,1.16
9,0,8,0.18,1.01
10,0,28,0.64,1.38
14,1,7,0.15,1.28
18,1,17,0.31,1.59
10,1,45,0.35,1.36
9,1,29,0.61,1.52
6,0,20,0.43,1.21
8,1,46,0.64,1.54
19,1,27,0.13,1.37
3,0,59,0.78,1.41
2,1,50,0.76,1.57
7,0,14,0.93,1.62
9,0,17,0.8,1.41
12,0,22,0.28,1.0
15,1,31,0.37,1.32
1,1,59,0.27,1.15
21,0,13,0.62,1.62
8,1,58,0.25,1.11
20,0,10,0.37,1.41
2,0,46,0.05,1.01
23,1,12,0.58,1.55
19,0,44,0.73,1.64
18,0,25,0.71,1.66
16,0,23,0.39,1.22
15,0,31,0.36,1.22
14,0,37,0.8,1.41
3,0,34,0.18,1.04
9,0,20,0.11,1.0
15,0,39,0.03,1.0
8,0,21,0.33,1.18
16,0,8,0.28,1.0
0,0,16,0.94,1.59
18,1,7,0.26,1.49
0,0,24,0.78,1.37
6,1,32,0.94,1.76
1,0,58,0.52,1.43
22,1,39,0.47,1.61
22,0,14,0.46,1.48
16,1,1,0.65,1.96
20,0,48,0.5,1.62
8,0,39,0.64,1.42
18,1,15,0.49,1.63
6,0,39,0.27,1.04
6,0,51,0.9,1.61
5,0,17,0.07,1.04
13,0,11,0.92,1.58
17,1,11,0.86,1.79
18,1,11,0.48,1.62
6,1,33,0.17,1.14
1,0,4,0.62,1.47
21,1,50,0.45,1.62
21,0,54,0.93,1.87
9,0,34,0.88,1.61
1,0,41,0.04,1.0
3,0,57,0.72,1.38
16,0,55,0.03,1.03
13,0,49,0.55,1.4
17,0,53,0.43,1.19
5,1,36,0.11,1.2
20,1,52,0.65,1.78
17,1,52,0.35,1.32
22,0,16,0.66,1.68
20,0,19,0.31,1.45
16,0,34,0.68,1.45
17,0,45,0.88,1.61
4,0,59,0.9,1.61
9,1,54,0.61,1.58
19,0,48,0.59,1.68
4,0,2,0.57,1.57
12,0,57,0.84,1.58
11,0,48,0.07,1.0
1,1,31,0.26,1.14
8,0,42,0.34,1.23
15,0,20,0.88,1.62
10,1,54,0.43,1.36
10,0,57,0.69,1.42
17,0,46,0.39,1.17
0,0,52,0.02,1.05
15,0,5,0.65,1.49
3,0,58,0.77,1.39
12,0,48,0.79,1.4
7,0,29,0.26,1.05
21,0,39,0.15,1.27
15,0,32,0.36,1.23
1,1,49,0.17,1.18
9,1,8,0.83,1.79
0,0,49,0.64,1.41
4,1,0,0.81,2.12
15,0,1,0.05,1.37
7,0,58,0.96,1.65
20,1,37,0.76,1.84
15,0,43,0.45,1.2
15,0,33,0.54,1.43
5,0,27,0.63,1.38
4,0,11,0.53,1.4
22,0,30,0.74,1.69
7,1,51,0.63,1.56
15,1,34,0.1,1.0
9,0,43,0.72,1.35
4,0,18,0.82,1.63
14,0,38,0.15,1.03
20,1,58,0.9,2.01
14,1,51,0.69,1.5
3,0,7,0.79,1.54
13,0,39,0.18,1.03
20,1,42,0.17,1.42
4,0,22,0.6,1.37
21,0,26,0.3,1.24
14,0,33,0.97,1.64
21,0,31,0.26,1.27
3,1,21,0.14,1.18
5,0,18,0.35,1.24
10,0,42,0.78,1.42
12,1,29,0.8,1.58
2,1,17,0.56,1.56
9,0,48,0.73,1.43
17,0,46,0.22,1.0
4,1,20,0.76,1.54
21,1,28,0.12,1.4
8,1,57,1.0,1.79
6,0,44,0.33,1.16
1,0,31,0.99,1.65
20,0,54,0.17,1.24
19,0,30,0.82,1.87
21,0,16,0.16,1.22
17,0,43,0.51,1.41
18,0,18,0.56,1.65
19,0,31,0.86,1.89
15,0,40,0.63,1.37
7,0,58,0.79,1.4
11,0,34,0.88,1.58
17,0,15,0.69,1.37
19,0,30,0.83,1.84
2,0,49,0.35,1.22
13,1,12,0.85,1.72
14,0,9,0.15,1.01
3,0,31,0.75,1.37
10,1,34,0.32,1.4
7,0,42,0.49,1.2
7,0,7,0.46,1.31
16,1,41,0.34,1.39
1,1,30,0.03,1.0
12,1,41,0.01,1.02
11,0,48,0.34,1.22
10,0,45,0.18,1.05
11,1,25,0.4,1.34
16,0,15,0.41,1.22
1,0,53,0.24,1.02
7,0,53,0.33,1.25
2,1,25,0.51,1.55
5,0,29,0.48,1.21
17,0,3,0.45,1.43
16,0,54,0.63,1.36
11,0,15,0.18,1.02
2,0,7,0.4,1.27
17,0,35,0.74,1.42
16,1,13,0.07,1.0
22,0,20,0.05,1.0
17,1,18,0.34,1.37
10,0,36,0.53,1.43
5,1,40,0.29,1.12
23,0,36,0.34,1.2
8,0,47,0.27,1.04
14,0,55,0.78,1.37
7,1,47,0.08,1.04
1,0,39,0.68,1.38
6,1,33,0.31,1.35
6,0,49,0.92,1.62
1,1,21,0.57,1.58
1,0,45,0.92,1.64
10,0,56,0.42,1.22
19,0,6,0.62,1.74
10,1,25,0.69,1.51
4,0,41,0.22,1.0
12,0,41,0.56,1.45
3,1,20,0.59,1.53
22,0,20,0.64,1.69
8,1,19,0.36,1.34
11,0,20,0.05,1.0
13,0,7,0.71,1.53
4,0,57,0.02,1.0
18,1,42,0.59,1.8
19,0,16,0.22,1.21
22,0,32,0.79,1.61
23,1,2,0.41,1.58
4,0,27,0.15,1.0
23,1,22,0.25,1.16
8,0,41,0.76,1.44
18,1,2,0.89,2.18
22,0,45,0.76,1.65
16,0,28,1.0,1.56
12,0,35,0.62,1.44
21,0,40,0.45,1.49
14,0,57,0.98,1.57
0,0,9,0.16,1.0
13,1,56,0.9,1.71
6,0,2,0.8,1.77
1,0,15,0.66,1.44
11,1,1,0.59,1.96
19,0,5,0.42,1.51
8,0,29,0.06,1.02
6,0,49,0.89,1.63
17,0,24,0.19,1.05
12,1,22,0.6,1.5
22,0,34,0.94,1.88
1,0,11,0.95,1.64
9,0,12,0.55,1.41
1,0,37,0.19,1.01
11,0,50,0.33,1.18
16,0,59,0.72,1.36
14,0,16,0.96,1.57
9,0,31,0.65,1.39
15,0,4,0.77,1.46
10,1,17,0.83,1.75
19,0,30,0.73,1.69
12,0,34,0.45,1.17
1,0,5,0.58,1.46
5,1,48,0.56,1.58
15,0,37,0.5,1.36
18,1,45,0.86,2.0
14,0,32,0.35,1.24
3,0,9,0.08,1.0
14,0,29,0.15,1.04
15,0,15,0.19,1.0
19,0,7,0.92,1.98
6,0,44,0.04,1.03
23,0,53,0.4,1.16
13,0,15,0.92,1.64
7,0,14,0.05,1.0
5,1,60,0.05,1.03
10,0,36,0.16,1.0
18,0,25,0.18,1.21
4,0,54,0.6,1.38
16,0,15,0.13,1.0
19,0,29,0.09,1.01
23,0,40,0.67,1.38
19,1,17,0.33,1.62
18,0,11,0.88,1.81
19,0,8,0.83,1.9
19,0,56,0.63,1.64
17,0,39,0.03,1.0
11,0,8,0.81,1.58
8,0,29,0.69,1.44
8,0,55,0.27,1.01
15,0,1,0.76,1.8
7,0,48,0.76,1.44
18,0,58,0.28,1.27
7,0,43,0.4,1.24
12,0,5,0.87,1.73
10,1,59,0.97,1.74
6,0,46,0.36,1.2
21,0,59,0.22,1.27
19,0,7,0.71,1.73
7,0,39,0.62,1.4
9,1,48,0.5,1.32
18,0,21,0.82,1.82
23,0,33,0.36,1.15
19,0,40,0.55,1.66
13,0,35,0.76,1.36
12,0,44,0.23,1.0
13,0,53,0.55,1.38
20,0,51,0.4,1.44
20,1,38,0.38,1.6
11,0,21,0.19,1.03
17,1,28,0.23,1.16
1,1,10,0.95,1.74
0,0,1,0.6,1.81
8,0,37,0.9,1.6
16,0,49,0.18,1.0
7,0,20,0.4,1.23
19,0,16,0.03,1.01
18,1,17,0.44,1.63
22,1,9,0.43,1.62
21,1,32,0.39,1.64
9,0,5,0.88,1.75
14,0,8,0.28,1.0
15,0,22,0.46,1.24
0,0,53,0.67,1.35
7,1,28,0.55,1.55
9,0,21,0.37,1.23
0,1,16,0.46,1.31
17,0,12,0.22,1.0
21,1,53,0.44,1.61
7,0,59,0.15,1.0
1,0,16,0.13,1.0
15,0,10,0.96,1.62
22,0,13,0.29,1.24
14,0,36,0.68,1.39
9,1,36,0.1,1.02
18,0,54,0.39,1.44
19,1,53,0.36,1.6
14,0,30,0.93,1.62
7,0,9,1.0,1.63
0,0,10,0.49,1.18
3,1,47,0.18,1.15
18,0,44,0.13,1.29
15,0,25,0.64,1.41
16,0,19,0.82,1.63
16,0,50,0.04,1.0
20,1,44,0.1,1.37
9,1,11,0.46,1.34
5,0,21,0.52,1.41
15,1,13,0.11,1.15
15,0,25,0.67,1.43
1,0,6,0.24,1.05
2,0,6,0.33,1.35
6,0,50,0.09,1.0
19,1,33,0.81,2.02
15,0,32,0.7,1.36
15,0,36,0.04,1.0
5,1,32,0.43,1.32
23,0,25,0.33,1.24
13,0,56,0.1,1.0
22,0,45,0.03,1.05
10,0,41,0.2,1.0
23,0,8,0.9,1.62
11,0,9,0.95,1.6
11,0,17,0.4,1.24
16,1,19,0.19,1.17
18,0,18,0.69,1.66
19,0,4,0.31,1.55
14,0,14,0.14,1.01
8,0,28,0.96,1.57
22,0,4,0.78,1.71
23,0,3,0.01,1.19
19,1,43,0.11,1.38
0,0,0,0.68,1.78
16,0,51,0.99,1.56
17,0,48,0.94,1.59
10,1,1,0.53,1.99
10,0,1,0.23,1.36
11,0,30,0.49,1.19
14,0,2,0.07,1.21
18,0,38,0.86,1.85
0,0,42,0.67,1.36
21,0,48,0.41,1.49
16,0,27,0.29,1.0
8,0,4,0.09,1.05
17,0,26,0.64,1.38
17,0,12,0.76,1.44
5,0,47,0.16,1.0
20,0,33,0.3,1.45
19,1,59,0.64,1.81
2,0,6,0.69,1.48
0,0,23,0.25,1.0
10,0,32,0.45,1.22
22,0,45,0.09,1.01
22,0,2,0.96,2.03
3,0,11,0.35,1.19
3,1,10,0.23,1.13
0,0,45,0.39,1.24
14,0,30,0.34,1.25
9,0,0,0.03,1.36
6,0,1,0.55,1.83
8,0,41,0.47,1.2
5,0,57,0.32,1.18
1,0,53,0.98,1.65
3,1,3,0.66,1.77
3,0,4,0.99,1.65
2,0,0,0.23,1.35
12,0,27,0.39,1.21
6,1,52,0.82,1.75
3,0,6,0.95,1.7
21,1,28,0.78,1.8
10,0,57,0.72,1.38
12,0,6,0.48,1.28
2,0,51,0.89,1.62
12,0,27,0.43,1.23
5,0,42,0.22,1.0
6,0,7,0.85,1.72
14,0,3,0.16,1.16
2,0,13,1.0,1.64
15,0,37,0.08,1.04
15,1,3,0.28,1.37
1,1,25,0.79,1.54
20,1,50,0.85,1.97
13,1,32,0.07,1.0
12,0,48,0.19,1.0
15,0,10,0.61,1.44
16,1,56,0.97,1.72
6,0,31,0.74,1.41
18,0,55,0.94,1.88
17,0,16,0.07,1.01
12,0,9,0.88,1.61
14,0,35,0.44,1.23
19,1,8,0.53,1.81
9,1,34,0.93,1.77
1,0,56,0.77,1.45
21,1,11,0.17,1.4
8,0,37,0.6,1.4
10,1,6,0.2,1.27
22,0,7,0.2,1.37
22,0,25,0.08,1.0
23,0,60,0.48,1.21
0,1,7,0.12,1.24
8,0,23,0.08,1.0
3,0,18,0.71,1.42
12,0,5,0.79,1.52
20,0,33,0.06,1.0
6,1,21,0.03,1.04
20,1,6,0.24,1.52
6,1,9,1.0,1.77
11,0,32,0.13,1.0
10,1,40,0.83,1.71
11,0,31,0.63,1.38
5,0,0,0.15,1.39
1,0,60,0.14,1.0
7,1,31,0.64,1.54
0,0,17,0.7,1.41
21,0,41,0.42,1.48
18,0,33,0.96,1.81
10,1,43,0.22,1.17
16,0,51,0.3,1.05
9,0,44,0.93,1.61
15,0,24,0.85,1.57
10,0,60,0.53,1.42
22,0,5,0.12,1.34
18,0,8,0.15,1.28
8,1,2,0.34,1.6
18,0,30,0.49,1.5
19,0,34,0.3,1.4
16,1,9,0.34,1.37
1,1,59,0.49,1.33
15,0,34,0.68,1.43
4,0,15,0.64,1.37
11,0,29,0.63,1.44
11,0,13,0.27,1.0
12,0,1,0.6,1.78
20,0,27,0.66,1.62
14,0,18,0.15,1.0
16,0,46,0.9,1.57
11,1,8,0.61,1.58
8,0,47,0.43,1.24
2,0,51,0.16,1.0
5,0,0,0.23,1.4
3,0,9,0.42,1.21
18,1,3,0.75,2.04
17,0,44,0.31,1.17
16,0,24,0.17,1.0
0,0,27,0.99,1.57
2,1,48,0.72,1.58
15,0,21,0.89,1.58
20,1,38,0.33,1.61
1,0,58,0.64,1.44
15,1,29,0.21,1.12
19,0,57,0.01,1.05
13,1,6,0.73,1.69
12,0,10,0.63,1.44
7,0,19,0.99,1.55
7,1,40,0.24,1.18
13,0,24,0.31,1.22
17,0,33,0.8,1.35
23,1,59,0.26,1.12
15,0,34,0.42,1.2
8,1,35,0.53,1.57
22,1,6,0.68,1.87
20,0,35,0.72,1.61
6,0,15,0.87,1.64
9,0,50,0.55,1.4
15,0,1,0.01,1.44
23,1,30,0.28,1.13
11,0,17,0.74,1.43
1,0,8,0.67,1.43
16,1,17,0.99,1.73
10,0,24,0.78,1.36
0,0,21,0.37,1.25
13,0,50,0.02,1.0
21,0,6,0.77,1.73
3,1,45,0.72,1.56
16,1,15,0.04,1.03
18,0,50,0.69,1.65
16,0,15,0.96,1.64
13,0,0,0.51,1.78
0,0,48,0.28,1.0
13,0,4,0.97,1.67
2,0,25,0.09,1.0
17,0,25,0.15,1.01
22,0,52,0.43,1.5
16,0,52,0.43,1.2
12,0,55,0.69,1.4
6,1,53,0.64,1.54
0,0,38,0.35,1.25
16,0,39,0.38,1.21
1,1,55,0.23,1.12
8,0,50,0.06,1.0
16,0,22,0.56,1.38
20,1,14,0.33,1.61
9,0,28,0.51,1.41
3,0,37,0.84,1.62
0,0,13,0.47,1.18
10,0,49,0.75,1.44
18,0,23,0.73,1.65
2,0,54,0.51,1.36
11,0,53,0.0,1.01
11,0,55,0.02,1.0
14,1,43,0.87,1.73
4,0,43,0.87,1.57
5,0,39,0.13,1.02
7,0,30,0.56,1.45
2,0,32,0.12,1.0
1,0,31,0.15,1.01
21,0,52,0.45,1.5
14,0,48,0.96,1.6
8,0,1,0.95,2.03
9,0,9,0.78,1.39
17,0,46,0.54,1.37
19,0,57,0.52,1.63
22,0,10,0.45,1.47
4,1,53,0.18,1.17
19,0,40,0.54,1.69
0,0,38,0.42,1.21
0,1,36,0.19,1.14
22,0,12,0.77,1.62
21,1,19,0.09,1.02
13,0,15,0.83,1.57
1,1,33,0.43,1.33
5,0,49,0.24,1.02
13,1,43,0.66,1.54
5,0,34,0.09,1.05
20,1,25,0.76,1.82
0,1,59,0.17,1.13
13,0,30,0.87,1.55
20,1,42,0.34,1.6
9,1,39,0.25,1.14
19,0,55,0.37,1.43
4,1,48,0.32,1.4
8,1,1,0.39,1.77
12,0,42,0.66,1.38
15,1,22,0.59,1.56
23,1,52,0.76,1.53
14,1,15,0.24,1.17
6,1,23,0.29,1.18
14,0,29,0.44,1.18
16,0,26,0.97,1.57
7,1,47,0.02,1.05
1,1,47,0.4,1.32
23,1,17,0.07,1.01
19,0,52,0.65,1.68
16,0,58,0.15,1.0
9,1,16,0.03,1.0
5,1,10,0.32,1.36
15,0,45,0.0,1.0
6,0,44,0.5,1.44
13,0,14,0.71,1.36
5,0,58,0.52,1.4
11,0,29,0.07,1.0
19,0,0,0.96,2.21
8,0,11,0.34,1.18
1,1,27,0.68,1.58
4,0,26,0.19,1.0
1,0,49,0.53,1.39
9,0,55,0.93,1.58
0,1,33,0.78,1.51
17,0,29,0.22,1.02
18,0,24,0.58,1.67
13,0,33,0.78,1.45
1,0,0,0.65,1.79
22,1,24,0.66,1.76
2,1,20,0.19,1.17
6,1,37,0.69,1.51
8,1,19,0.1,1.0
14,0,1,0.32,1.63
0,0,39,0.93,1.59
4,0,23,0.77,1.36
22,0,20,0.12,1.28
11,1,12,0.37,1.39
10,1,41,0.31,1.39
12,1,24,0.04,1.0
18,0,2,0.66,1.85
11,1,2,0.53,1.78
15,0,43,0.58,1.44
1,0,31,0.88,1.55
18,1,56,0.2,1.44
1,1,21,0.77,1.59
3,0,45,0.2,1.0
16,1,36,0.9,1.78
12,0,16,0.11,1.05
3,0,17,0.29,1.0
6,0,35,0.85,1.55
12,1,45,0.56,1.53
19,0,56,0.78,1.63
0,1,60,0.21,1.11
20,0,44,0.57,1.69
7,0,52,0.98,1.61
8,1,14,0.75,1.51
15,0,51,0.29,1.02
5,0,32,0.46,1.21
8,1,29,0.28,1.15
20,0,59,0.1,1.0
17,0,9,0.43,1.21
15,1,36,0.29,1.15
8,0,50,0.21,1.0
15,1,7,0.22,1.25
12,0,19,0.9,1.55
8,0,52,0.63,1.36
6,0,17,0.07,1.0
17,0,13,0.47,1.24
10,0,8,0.71,1.43
20,1,0,0.98,2.41
7,0,12,0.3,1.0
20,0,4,0.91,1.98
8,1,34,0.98,1.79
3,0,41,0.98,1.57
6,0,8,0.33,1.16
13,0,20,0.79,1.42
16,1,12,0.04,1.01
19,0,54,0.17,1.26
3,0,38,0.12,1.0
2,0,10,0.25,1.04
13,0,18,0.03,1.0
10,0,25,0.74,1.42
21,0,5,0.77,1.8
16,0,20,0.6,1.38
23,0,47,0.81,1.56
13,1,48,0.88,1.78
23,1,35,0.06,1.0
13,1,14,0.81,1.7
13,0,23,0.08,1.04
3,0,35,0.38,1.22
9,0,29,0.25,1.0
14,1,56,0.5,1.58
3,0,27,0.74,1.41
3,0,12,0.61,1.39
17,1,14,0.59,1.53
13,0,53,0.17,1.0
10,0,1,0.01,1.36
7,1,52,0.81,1.8
23,0,33,0.19,1.05
19,0,21,0.09,1.0
5,1,23,0.05,1.02
2,0,54,0.87,1.58
18,0,59,0.62,1.7
21,0,26,0.03,1.03
12,0,39,0.25,1.04
12,0,10,0.99,1.63
2,0,16,0.41,1.25
0,1,52,0.38,1.35
21,0,4,0.96,1.99
15,0,57,0.45,1.18
22,0,28,0.12,1.28
15,1,8,0.4,1.37
8,1,4,0.52,1.64
18,1,18,0.25,1.4
13,1,3,0.51,1.78
6,0,12,0.83,1.59
16,0,17,0.87,1.62
14,0,24,0.69,1.42
8,0,15,0.27,1.04
3,0,40,0.51,1.39
22,0,47,0.85,1.9
8,0,29,0.56,1.36
19,1,53,0.73,1.78
11,0,12,0.96,1.63
21,0,48,0.04,1.03
0,0,11,0.04,1.03
19,1,14,1.0,2.05
17,0,36,0.95,1.55
11,0,20,0.73,1.42
22,0,46,0.14,1.21
2,1,31,0.47,1.32
19,0,12,0.8,1.66
10,1,5,0.35,1.46
6,0,26,0.78,1.45
13,0,18,0.26,1.0
9,1,13,0.07,1.0
3,1,20,0.84,1.76
1,0,49,0.69,1.35
9,0,28,0.26,1.01
19,0,58,0.55,1.68
16,0,4,0.36,1.34
16,0,47,0.82,1.64
5,0,34,0.37,1.21
17,0,30,0.57,1.44
15,1,29,0.82,1.71
4,0,38,0.51,1.36
15,0,32,0.94,1.62
2,1,32,0.87,1.73
12,1,30,0.64,1.53
13,0,27,0.02,1.04
14,0,60,0.89,1.65
13,1,42,0.92,1.79
0,1,48,0.92,1.7
23,0,11,0.67,1.38
21,0,58,0.68,1.68
8,1,8,0.23,1.17
22,1,38,0.22,1.38
5,0,9,0.83,1.58
7,0,53,0.46,1.23
14,0,1,0.29,1.37
23,0,35,0.84,1.57
20,0,9,0.88,1.84
10,1,13,0.16,1.18
5,0,46,0.81,1.56
1,0,20,0.64,1.38
1,1,47,0.58,1.53
4,1,20,0.32,1.35
22,0,55,0.25,1.24
0,0,43,0.55,1.45
8,0,37,0.94,1.61
18,0,21,0.54,1.63
13,0,22,0.78,1.45
5,0,34,0.15,1.03
19,1,42,0.25,1.36
1,0,50,0.41,1.18
13,0,14,0.18,1.01
18,1,9,0.82,2.04
10,0,12,0.4,1.21
1,0,21,0.29,1.0
16,1,32,0.77,1.56
11,0,15,0.44,1.22
13,0,50,0.23,1.04
18,0,2,0.76,1.84
15,1,24,0.52,1.6
22,0,34,0.87,1.89
11,0,25,0.78,1.45
8,0,14,0.22,1.0
5,0,27,0.33,1.22
23,1,20,0.11,1.16
9,0,21,0.03,1.0
13,0,29,0.22,1.01
18,1,51,0.35,1.56
8,0,8,0.97,1.62
9,0,12,0.02,1.01
10,0,44,0.11,1.02
2,0,55,0.39,1.25
22,0,22,0.3,1.45
21,0,60,0.31,1.49
6,0,39,0.67,1.36
5,1,12,0.31,1.34
10,0,10,0.25,1.02
0,0,40,0.88,1.59
21,0,25,0.4,1.41
15,0,46,0.11,1.0
13,0,20,0.08,1.0
5,1,9,0.71,1.55
16,0,12,0.37,1.18
10,1,41,0.11,1.14
15,0,48,0.35,1.21
15,0,49,0.44,1.23
6,0,32,0.77,1.41
8,1,21,0.15,1.18
4,1,37,0.04,1.0
18,0,7,0.71,1.79
17,1,53,0.97,1.71
11,0,1,0.43,1.61
6,0,59,0.5,1.35
17,0,30,0.05,1.0
23,0,3,0.6,1.64
16,1,14,0.33,1.39
21,0,36,0.55,1.62
12,0,27,0.69,1.41
9,0,16,0.66,1.4
18,0,54,0.57,1.66
7,0,7,0.93,1.67
19,0,5,0.25,1.32
20,0,60,0.83,1.85
20,1,40,0.93,2.04
16,1,20,0.02,1.0
9,0,38,0.07,1.0
12,1,7,0.32,1.49
23,1,52,0.17,1.15
10,0,15,0.28,1.02
6,1,9,0.18,1.13
17,0,43,0.2,1.0
3,1,22,0.76,1.56
2,0,30,0.95,1.57
7,1,26,0.52,1.53
20,1,9,0.78,1.83
0,0,3,0.66,1.55
1,0,1,0.99,1.97
7,0,54,0.63,1.36
22,0,22,0.52,1.7
5,0,43,0.87,1.56
11,0,4,0.73,1.51
6,0,7,0.71,1.5
13,0,34,0.74,1.45
10,1,41,0.47,1.39
3,0,36,0.86,1.56
23,0,53,0.83,1.59
5,1,49,0.44,1.38
15,1,36,0.74,1.56
6,0,38,0.45,1.23
15,1,15,0.74,1.57
8,0,47,0.22,1.02
20,0,46,0.07,1.0
7,1,56,0.91,1.76
22,0,49,0.14,1.22
0,0,17,0.49,1.24
15,0,55,0.86,1.62
8,0,3,0.91,1.79
16,0,34,0.28,1.0
19,0,10,0.57,1.7
21,1,53,0.99,2.0
12,1,56,0.05,1.0
11,1,49,0.46,1.38
5,0,33,0.8,1.6
21,1,17,0.09,1.0
14,0,23,0.79,1.38
16,1,41,0.87,1.71
20,0,58,0.14,1.29
23,0,14,0.6,1.38
10,0,53,0.02,1.0
18,1,60,0.44,1.61
8,0,34,0.31,1.21
13,0,14,0.47,1.22
15,1,40,0.21,1.12
21,1,53,0.13,1.41
1,0,20,0.77,1.41
23,1,30,0.81,1.74
14,0,3,0.08,1.24
2,1,40,0.89,1.75
22,0,13,0.23,1.2
12,0,31,0.75,1.43
5,0,3,0.78,1.58
17,1,51,0.81,1.8
14,0,30,0.92,1.55
17,1,7,0.54,1.66
4,0,25,0.82,1.61
2,1,57,0.82,1.75
14,0,29,0.3,1.16
0,0,21,0.25,1.05
13,1,47,0.83,1.74
16,0,29,0.47,1.23
22,1,35,0.42,1.56
17,1,24,0.61,1.5
14,0,28,0.13,1.0
14,0,20,0.73,1.39
12,1,34,0.2,1.11
20,0,24,0.73,1.69
9,0,51,0.58,1.35
13,0,21,0.35,1.21
13,1,47,0.18,1.15
8,0,13,0.31,1.16
15,1,11,0.7,1.53
10,1,48,0.74,1.53
2,0,8,0.34,1.19
5,0,46,0.98,1.57
20,0,20,0.75,1.65
5,0,47,0.51,1.4
14,1,34,0.96,1.71
7,1,39,0.76,1.51
18,0,34,0.67,1.62
15,1,23,0.07,1.05
14,0,46,0.54,1.37
18,1,51,0.67,1.81
22,0,0,0.53,2.07
5,0,13,0.2,1.01
2,1,40,0.53,1.51
6,1,35,0.9,1.77
18,0,34,0.81,1.85
12,1,5,0.47,1.47
18,0,53,0.98,1.89
12,1,46,0.15,1.11
10,0,46,0.89,1.56
23,0,43,0.94,1.55
11,1,45,0.96,1.75
14,0,42,0.68,1.45
0,0,37,0.52,1.41
0,0,42,0.32,1.21
7,1,0,0.96,2.16
23,0,43,0.42,1.21
0,0,16,0.37,1.21
16,0,10,0.92,1.61
21,0,2,0.06,1.16
2,1,1,0.03,1.41
9,0,16,0.83,1.62
11,0,10,0.28,1.0
20,0,20,0.52,1.69
19,0,52,0.08,1.0
14,0,12,0.99,1.59
17,0,6,0.22,1.06
4,0,21,0.85,1.63
16,0,46,0.46,1.23
3,0,4,1.0,1.74
19,1,23,0.65,1.76
22,1,49,0.97,2.02
13,0,22,0.55,1.4
16,0,35,0.0,1.0
15,0,40,0.34,1.15
3,0,8,0.3,1.22
13,0,46,0.62,1.39
9,1,32,0.94,1.71
14,1,15,0.01,1.0
21,0,50,0.97,1.9
20,0,29,0.58,1.63
12,0,42,0.33,1.15
21,1,23,0.97,2.04
21,0,8,1.0,1.82
5,0,60,0.26,1.02
1,1,18,0.11,1.19
13,0,58,0.24,1.0
8,0,20,0.74,1.35
4,0,5,0.15,1.13
6,0,41,0.94,1.6
16,0,55,0.69,1.42
22,1,25,0.81,1.95
5,0,35,0.83,1.61
10,1,54,0.6,1.54
21,1,52,0.75,1.78
8,1,38,0.5,1.53
9,0,13,0.21,1.01
1,1,1,0.55,1.96
10,0,14,0.98,1.62
8,0,31,0.04,1.0
19,1,10,0.17,1.37
17,0,22,0.76,1.41
13,1,26,0.14,1.13
3,1,29,0.47,1.31
17,0,8,0.1,1.01
7,0,43,0.84,1.55
0,1,56,0.52,1.59
23,0,27,0.78,1.39
3,0,57,0.65,1.4
10,1,57,0.97,1.7
1,0,16,0.42,1.22
17,0,36,0.42,1.22
10,0,0,0.35,1.63
21,0,12,0.77,1.69
5,0,20,0.19,1.0
8,0,8,0.84,1.61
12,0,54,0.72,1.39
15,0,59,0.29,1.0
21,0,33,0.82,1.85
9,0,48,0.39,1.23
17,0,28,0.6,1.44
18,0,31,0.3,1.49
0,0,19,0.98,1.59
2,0,27,0.57,1.43
17,0,41,0.62,1.44
20,1,56,0.36,1.56
11,1,46,0.03,1.04
19,0,9,0.36,1.41
20,1,54,0.84,1.99
11,1,18,0.78,1.59
12,0,1,0.08,1.42
15,0,50,0.93,1.6
4,1,23,0.93,1.76
5,0,53,0.6,1.42
20,0,52,1.0,1.82
11,0,19,0.11,1.0
17,0,58,0.64,1.41
9,1,25,0.78,1.57
15,0,30,0.49,1.16
11,1,40,0.73,1.53
18,0,11,0.02,1.0
13,0,24,0.38,1.25
5,0,2,0.11,1.23
20,0,46,0.16,1.23
13,1,57,0.28,1.16
21,0,45,0.92,1.88
6,1,49,0.86,1.77
12,0,32,0.61,1.44
7,0,30,0.31,1.24
14,0,11,0.84,1.61
23,1,16,0.12,1.13
5,0,16,0.6,1.38
3,0,7,0.23,1.12
5,0,48,0.7,1.44
18,1,7,0.86,2.1
6,0,36,0.25,1.0
1,0,9,0.39,1.2
19,0,15,0.32,1.42
8,0,28,0.65,1.37
15,0,29,0.23,1.02
9,1,25,0.86,1.77
13,1,3,0.09,1.2
13,1,20,0.96,1.72
5,0,34,0.62,1.43
7,0,10,0.32,1.2
8,0,56,0.55,1.38
4,0,9,0.67,1.44
1,0,20,0.8,1.62
7,0,47,0.63,1.36
9,0,56,0.29,1.0
1,0,43,0.09,1.03
16,1,33,0.04,1.0
0,0,47,0.57,1.37
1,0,18,0.2,1.0
18,0,51,0.37,1.45
1,0,47,0.9,1.56
21,1,52,0.14,1.44
6,0,60,0.73,1.41
14,1,36,0.71,1.55
19,0,53,0.89,1.88
21,0,59,0.1,1.22
11,0,29,0.03,1.0
2,0,17,0.4,1.25
10,0,43,0.21,1.0
0,1,40,0.35,1.36
6,0,4,0.55,1.54
16,0,10,0.18,1.0
3,0,17,0.11,1.0
12,1,16,0.48,1.38
10,0,29,0.13,1.0
21,1,32,0.72,1.82
10,0,37,0.43,1.22
8,0,8,0.08,1.0
11,0,51,0.32,1.19
12,0,48,0.65,1.43
17,1,24,0.27,1.11
11,0,32,0.36,1.16
14,0,49,0.61,1.4
20,1,19,0.72,1.81
20,1,15,0.68,1.8
23,0,38,0.6,1.36
9,0,52,0.45,1.19
12,0,10,0.08,1.0
8,0,40,0.42,1.16
11,0,12,0.01,1.01
2,1,23,0.39,1.33
4,1,24,0.88,1.73
22,1,26,0.62,1.78
11,0,43,0.86,1.57
19,0,18,0.33,1.46
12,1,13,0.45,1.35
13,1,55,0.39,1.37
13,0,12,0.76,1.43
22,0,12,0.73,1.6
6,0,11,0.52,1.38
13,0,32,0.75,1.36
15,0,6,0.5,1.46
0,0,22,0.78,1.37
9,1,36,0.29,1.2
21,1,40,0.71,1.81
13,0,47,0.22,1.0
0,0,39,0.26,1.0
15,0,10,0.79,1.37
7,0,6,0.59,1.52
10,0,15,0.73,1.38
6,0,15,0.57,1.44
19,0,24,1.0,1.83
21,0,29,0.86,1.89
11,0,55,0.08,1.0
19,0,36,0.93,1.89
7,0,19,0.64,1.44
5,0,4,0.37,1.28
12,0,49,0.28,1.01
11,1,40,0.48,1.32
16,1,9,0.78,1.56
2,0,60,0.72,1.37
0,0,37,0.43,1.16
6,0,27,0.78,1.41
10,1,24,0.35,1.37
14,0,45,0.49,1.22
17,0,26,0.7,1.4
20,0,28,0.08,1.02
1,0,22,0.17,1.0
3,0,8,0.86,1.6
23,0,52,0.84,1.64
20,0,25,0.59,1.67
2,0,47,0.67,1.45
19,0,36,0.52,1.62
12,0,35,0.49,1.25
1,0,54,0.06,1.01
1,0,15,0.02,1.0
15,0,13,0.88,1.57
15,0,2,0.13,1.16
15,0,37,0.38,1.25
22,1,53,0.55,1.8
1,0,32,0.8,1.4
4,0,52,0.96,1.6
0,0,51,0.18,1.0
11,0,8,0.34,1.21
11,1,26,0.38,1.31
11,0,17,0.41,1.19
14,0,42,0.81,1.64
10,0,37,0.27,1.0
17,0,50,0.77,1.42
17,0,43,0.11,1.0
13,0,7,0.27,1.06
15,0,55,0.56,1.44
18,1,60,0.05,1.05
2,0,1,0.31,1.58
11,1,52,0.03,1.0
18,0,47,0.07,1.0
17,1,18,0.64,1.55
21,1,18,0.21,1.44
21,0,24,0.68,1.66
11,0,10,0.07,1.0
22,0,44,0.33,1.4
10,0,2,0.92,1.82
21,0,28,0.09,1.03
13,0,15,0.53,1.4
9,1,23,0.34,1.32
0,1,41,0.77,1.51
18,0,42,0.2,1.29
9,0,59,0.27,1.0
2,1,22,0.61,1.54
4,1,40,0.8,1.79
11,0,55,0.34,1.22
5,0,33,0.29,1.03
7,1,57,0.93,1.78
12,1,3,0.54,1.76
18,0,54,0.85,1.85
21,0,53,0.34,1.42
2,0,41,0.43,1.22
17,1,57,0.81,1.72
16,1,6,0.76,1.64
22,1,48,0.77,1.78
11,1,60,0.48,1.31
3,0,36,0.29,1.0
6,0,30,0.99,1.57
20,0,52,0.08,1.0
17,0,14,0.57,1.41
2,1,31,0.33,1.33
16,0,54,0.18,1.02
11,0,7,0.58,1.5
22,0,22,0.59,1.66
3,0,59,0.4,1.15
3,0,17,0.52,1.4
2,1,49,0.87,1.75
4,1,58,0.09,1.04
8,1,14,0.37,1.4
14,0,50,0.25,1.01
23,1,2,0.57,1.71
20,0,56,0.48,1.43
6,0,5,0.27,1.1
14,1,40,0.94,1.7
5,0,60,0.25,1.02
15,1,34,0.14,1.18
12,0,11,0.14,1.03
13,0,30,0.26,1.01
14,0,55,0.64,1.41
2,0,52,0.9,1.56
19,1,30,0.66,1.83
9,0,39,0.19,1.0
2,0,18,0.39,1.21
15,0,51,0.34,1.19
17,0,44,0.99,1.6
2,1,12,0.55,1.54
1,0,53,0.13,1.0
20,0,13,0.61,1.67
10,1,35,0.01,1.0
23,1,7,0.7,1.62
1,0,35,0.96,1.61
4,0,33,0.75,1.39
18,0,47,0.64,1.62
12,1,18,0.86,1.74
23,0,51,0.67,1.41
15,0,59,0.65,1.4
8,0,13,0.0,1.0
13,0,37,0.02,1.01
16,0,37,0.13,1.01
18,0,43,0.44,1.49
0,0,53,0.85,1.62
16,0,34,0.43,1.2
5,0,13,0.63,1.43
7,1,22,0.59,1.6
7,0,18,0.43,1.22
21,0,5,0.27,1.34
7,1,48,0.78,1.51
7,1,56,0.28,1.17
17,0,43,0.28,1.05
10,0,9,0.91,1.6
3,0,9,0.21,1.02
15,0,59,0.19,1.0
14,1,13,0.81,1.76
5,0,20,0.64,1.4
7,1,2,0.83,1.91
4,0,55,0.68,1.43
22,0,1,0.46,1.8
6,1,45,0.4,1.36
20,0,18,0.34,1.48
8,0,27,0.56,1.43
9,0,7,0.79,1.54
3,1,16,0.64,1.59
19,0,30,0.95,1.83
8,0,57,0.42,1.23
22,0,33,0.28,1.25
14,0,44,0.32,1.22
5,1,32,0.21,1.19
7,1,24,0.22,1.14
2,0,22,0.23,1.0
13,1,29,0.29,1.17
16,0,24,0.41,1.24
6,0,34,0.43,1.24
21,0,43,0.01,1.04
17,1,8,0.76,1.57
22,0,27,0.47,1.46
16,0,40,0.3,1.03
20,1,60,0.78,1.82
10,0,57,0.38,1.17
2,0,7,0.44,1.32
0,1,51,0.16,1.13
14,0,30,0.51,1.44
21,0,42,0.12,1.3
1,1,43,0.35,1.32
20,1,48,0.87,2.02
18,0,20,0.1,1.04
19,0,13,0.56,1.64
3,0,46,0.6,1.35
5,0,21,0.83,1.61
6,0,49,0.41,1.18
21,0,56,0.7,1.66
19,0,44,0.22,1.26
12,0,34,0.59,1.37
0,0,12,0.54,1.41
5,1,12,0.17,1.11
23,0,14,0.45,1.24
0,0,24,0.17,1.0
14,0,11,0.66,1.4
8,0,13,0.7,1.37
15,0,40,0.41,1.23
14,0,13,0.64,1.4
13,0,56,0.03,1.0
15,1,38,0.72,1.53
11,0,46,0.05,1.0
21,0,55,0.47,1.48
4,0,3,0.98,1.75
21,1,56,0.66,1.76
20,0,28,0.79,1.62
10,0,1,0.88,1.96
22,1,45,0.29,1.36
23,0,59,0.66,1.39
22,1,55,0.78,1.81
4,1,57,0.11,1.17
18,0,1,0.11,1.61
7,1,0,0.86,2.17
1,1,56,0.27,1.1
23,0,3,0.59,1.62
6,0,53,0.35,1.2
11,0,15,0.06,1.04
16,1,59,0.5,1.51
2,0,59,0.19,1.02
14,0,59,0.96,1.56
4,0,46,0.51,1.42
6,1,37,0.63,1.58
15,1,47,0.85,1.74
16,0,12,0.56,1.39
6,0,30,0.1,1.0
16,0,47,0.05,1.01
11,0,56,0.55,1.37
2,0,22,0.99,1.56
9,0,34,0.45,1.22
11,0,56,0.48,1.18
8,0,26,0.67,1.41
18,0,53,0.15,1.29
4,0,4,0.42,1.34
1,0,50,0.94,1.57
17,1,52,0.23,1.19
18,0,56,0.74,1.62
22,0,50,0.92,1.89
10,0,17,0.93,1.62
9,0,35,0.66,1.44
5,0,0,0.27,1.4
13,0,5,0.24,1.1
11,1,19,0.18,1.11
9,0,22,0.64,1.39
21,0,4,0.19,1.34
6,0,9,0.7,1.4
17,0,10,0.22,1.04
5,0,17,0.26,1.02
18,1,16,0.73,1.77
11,0,59,0.87,1.59
6,0,54,0.71,1.38
3,0,27,0.06,1.02
2,0,23,0.25,1.01
18,0,44,0.73,1.61
9,0,41,0.67,1.37
20,0,1,0.9,2.25
20,0,35,0.87,1.86
2,1,18,0.3,1.13
18,0,21,0.14,1.22
1,0,21,0.75,1.39
23,0,38,0.05,1.03
10,0,57,0.03,1.0
0,0,39,0.48,1.17
23,0,2,0.4,1.41
3,0,48,0.79,1.37
16,0,58,0.01,1.0
0,1,55,0.82,1.75
14,1,45,0.96,1.72
8,1,17,0.28,1.15
20,1,16,0.72,1.82
2,0,15,0.3,1.05
1,0,53,0.07,1.0
0,0,50,0.41,1.2
2,0,54,0.84,1.57
4,1,10,0.87,1.74
6,1,59,0.06,1.03
12,0,28,0.54,1.38
23,0,1,0.58,1.79
5,0,60,0.74,1.39
22,1,7,0.77,1.85
3,1,16,0.95,1.76
4,0,50,0.5,1.4
18,0,42,0.06,1.0
4,0,20,0.38,1.24
5,0,21,0.92,1.59
0,1,12,0.82,1.76
12,0,43,0.73,1.43
20,0,46,0.44,1.41
16,1,8,0.14,1.14
4,0,9,0.71,1.43
8,0,4,0.55,1.51
6,0,31,0.22,1.0
23,1,1,0.84,2.17
19,0,40,0.44,1.48
6,0,16,0.91,1.61
13,0,24,0.86,1.62
4,0,5,0.98,1.7
8,1,37,0.2,1.13
20,1,57,0.26,1.44
4,0,48,0.09,1.0
7,0,44,0.98,1.56
18,1,7,0.65,1.95
16,1,15,0.21,1.11
13,0,55,0.95,1.56
12,1,31,0.88,1.72
17,0,12,0.1,1.01
11,0,43,0.98,1.65
20,1,40,0.25,1.38
16,0,34,0.16,1.0
7,0,30,0.07,1.0
19,0,18,0.1,1.0
2,1,47,0.89,1.74
3,0,54,0.67,1.43
23,0,26,0.29,1.01
7,0,44,0.15,1.0
10,0,31,0.63,1.42
17,0,24,0.3,1.02
0,0,4,0.69,1.45
22,1,60,0.62,1.77
8,0,18,0.62,1.39
16,1,0,0.13,1.54
23,1,40,0.01,1.02
2,0,56,0.27,1.01
6,1,2,0.88,1.96
18,1,25,0.54,1.84
3,0,44,0.44,1.16
1,1,1,0.24,1.51
16,0,31,0.35,1.19
8,0,29,0.45,1.22
21,0,60,0.81,1.83
5,0,24,0.53,1.36
2,1,37,0.4,1.35
10,0,11,0.07,1.01
3,0,9,0.21,1.0
10,1,33,0.91,1.79
18,0,36,0.28,1.24
18,0,38,0.69,1.62
21,0,56,0.29,1.23
13,0,41,0.6,1.41
21,1,43,0.91,2.04
1,0,43,0.51,1.43
14,0,38,0.9,1.58
16,0,56,0.73,1.43
21,1,10,0.2,1.41
16,0,4,0.11,1.13
4,0,34,0.99,1.58
21,1,50,0.78,1.84
17,1,7,0.92,1.81
9,1,48,0.83,1.73
21,0,28,0.61,1.62
23,1,54,0.21,1.13
9,0,32,0.61,1.41
20,0,14,0.12,1.26
6,0,34,0.5,1.39
19,0,39,0.19,1.29
18,0,49,0.29,1.21
7,0,52,0.38,1.22
1,1,6,0.31,1.44
9,0,32,0.97,1.59
1,0,3,0.39,1.45
19,0,6,0.89,1.95
15,0,29,0.99,1.59
13,0,45,0.25,1.0
6,1,20,0.76,1.59
7,0,5,0.96,1.75
21,1,39,0.51,1.77
2,0,5,0.81,1.75
19,0,56,0.77,1.68
6,0,10,0.82,1.59
3,1,7,0.09,1.08
22,1,55,0.27,1.45
11,0,39,0.27,1.03
3,1,40,0.48,1.32
22,0,49,0.94,1.88
11,0,17,0.41,1.16
15,1,45,0.61,1.59
8,0,16,0.36,1.2
22,1,27,0.64,1.81
18,1,20,0.67,1.79
4,0,1,0.71,1.76
22,0,28,0.91,1.9
12,0,19,0.62,1.39
14,1,33,0.07,1.05
8,1,27,0.64,1.54
14,0,12,0.76,1.4
10,0,40,0.63,1.41
0,0,46,0.23,1.0
7,0,30,0.4,1.2
19,0,8,0.98,1.86
0,0,60,0.92,1.58
6,1,2,0.4,1.51
14,0,40,0.41,1.16
19,1,19,0.41,1.62
3,1,30,0.9,1.72
1,0,47,0.51,1.38
13,0,50,0.84,1.61
9,0,10,0.7,1.38
9,0,47,0.5,1.39
17,0,37,0.4,1.22
2,0,28,0.88,1.58
11,0,37,0.72,1.39
5,1,59,0.71,1.58
0,0,39,0.94,1.6
8,1,18,0.34,1.38
16,0,54,0.42,1.18
14,0,3,0.39,1.36
21,0,51,0.6,1.65
13,0,16,0.58,1.38
6,0,10,0.35,1.21
5,1,36,0.33,1.38
7,0,7,0.7,1.5
23,0,26,0.53,1.4
23,0,28,0.61,1.36
21,0,30,0.31,1.43
1,0,21,0.02,1.0
11,1,28,0.71,1.54
5,0,39,0.06,1.0
15,0,51,0.49,1.16
17,0,14,0.04,1.0
12,0,57,0.13,1.0
8,0,52,0.56,1.38
12,1,19,0.53,1.59
15,0,36,0.12,1.05
0,0,38,0.57,1.44
16,0,57,0.79,1.37
11,0,24,0.58,1.35
23,0,36,0.03,1.04
17,0,5,0.89,1.65
14,0,0,0.19,1.39
20,0,35,0.01,1.02
15,0,13,0.88,1.63
13,0,46,0.95,1.65
20,0,8,0.33,1.4
9,0,34,0.34,1.17
21,1,26,0.99,1.97
20,0,48,0.34,1.42
1,0,57,0.79,1.36
0,0,10,0.35,1.25
8,0,57,0.29,1.0
16,0,37,0.08,1.0
12,1,15,0.29,1.2
0,0,53,0.26,1.01
5,0,53,0.68,1.44
5,0,0,0.69,1.76
22,0,30,0.65,1.64
14,1,38,0.63,1.54
11,0,14,0.79,1.45
2,0,58,0.86,1.61
4,0,16,0.04,1.02
8,0,56,0.21,1.01
4,0,19,0.53,1.44
3,0,8,0.2,1.03
20,0,8,0.99,1.82
15,1,8,0.31,1.32
17,0,31,0.92,1.61
12,0,20,0.6,1.44
12,0,60,0.13,1.05
8,1,31,0.58,1.57
16,0,31,0.92,1.63
16,0,51,0.49,1.19
14,1,14,0.55,1.5
9,0,3,0.72,1.61
21,0,51,0.95,1.87
15,0,29,0.87,1.6
11,1,5,0.94,1.88
12,0,19,0.4,1.24
11,1,11,0.7,1.57
4,0,1,0.47,1.61
16,1,11,0.73,1.58
5,0,47,0.51,1.43
14,1,49,0.19,1.14
15,1,56,0.03,1.03
23,1,14,0.11,1.15
0,1,35,0.17,1.17
17,0,10,0.45,1.2
19,0,8,0.54,1.65
0,1,7,0.0,1.08
13,0,29,0.24,1.04
4,0,4,0.05,1.14
18,0,36,0.94,1.9
5,0,47,0.7,1.4
8,1,48,0.37,1.31
23,0,58,0.98,1.6
16,1,33,0.8,1.77
9,0,50,0.25,1.0
18,0,20,0.36,1.46
5,0,56,0.26,1.04
11,1,17,0.2,1.12
21,0,59,0.58,1.65
21,0,30,0.99,1.82
12,0,28,0.35,1.18
1,0,60,0.51,1.42
6,0,24,0.18,1.05
17,0,50,0.92,1.58
11,0,43,0.9,1.61
19,1,38,0.43,1.56
16,0,2,0.38,1.39
7,0,54,0.46,1.21
1,0,38,0.75,1.42
16,1,20,0.24,1.17
16,0,51,0.67,1.45
22,0,47,0.26,1.25
20,1,40,0.53,1.83
10,0,38,0.05,1.0
14,1,58,0.68,1.53
18,0,7,0.25,1.36
22,0,38,0.52,1.68
18,1,22,0.34,1.56
1,0,20,0.81,1.57
22,1,29,0.58,1.85
11,0,60,0.61,1.4
16,0,52,0.47,1.19
3,0,59,0.69,1.41
15,0,23,0.11,1.0
0,0,13,0.66,1.4
20,0,17,0.89,1.82
1,0,41,0.57,1.42
21,1,51,0.63,1.82
9,0,11,0.93,1.59
14,1,5,0.7,1.7
3,0,32,0.08,1.01
8,0,25,0.92,1.57
1,0,59,0.94,1.57
11,0,42,0.07,1.0
12,0,13,0.51,1.43
0,1,47,0.21,1.11
18,0,13,0.68,1.64
20,1,12,0.16,1.45
21,1,21,0.19,1.36
20,0,25,0.61,1.68
17,0,29,0.04,1.04
9,0,58,0.56,1.4
23,0,56,0.34,1.19
19,0,6,0.71,1.8
4,0,30,0.21,1.0
16,1,58,0.36,1.37
11,0,8,0.16,1.0
16,0,43,0.24,1.0
10,0,26,0.54,1.35
0,1,37,0.83,1.76
20,0,39,0.26,1.23
11,1,30,0.7,1.57
9,1,39,0.24,1.17
9,0,9,0.39,1.16
5,1,14,0.89,1.8
3,0,37,0.79,1.45
20,0,6,0.09,1.06
12,0,1,0.59,1.82
10,0,56,0.43,1.18
22,0,27,0.35,1.44
18,0,1,0.54,2.1
15,0,25,0.06,1.04
10,0,42,0.39,1.2
14,0,56,0.24,1.0
16,0,35,0.86,1.55
11,0,26,0.8,1.57
13,0,42,0.24,1.02
19,0,46,0.42,1.48
12,0,36,0.75,1.39
13,1,42,0.71,1.52
18,1,8,0.13,1.44
1,0,54,0.87,1.61
16,0,14,0.52,1.36
13,0,25,0.69,1.38
0,0,51,0.07,1.02
17,0,60,0.33,1.15
16,0,12,0.33,1.18
12,1,7,0.15,1.22
5,0,12,0.97,1.58
21,0,49,0.96,1.82
0,1,29,0.34,1.33
14,1,24,0.69,1.53
1,0,38,0.03,1.05
17,1,10,0.71,1.59
19,0,5,0.97,1.98
22,0,12,0.99,1.87
8,1,0,0.83,2.15
22,0,21,0.95,1.81
16,0,30,0.38,1.19
13,0,5,0.41,1.33
10,0,45,0.04,1.0
5,0,56,0.31,1.21
23,0,44,0.88,1.57
20,0,16,0.23,1.25
18,1,35,0.74,1.79
20,1,50,0.81,2.04
17,0,32,0.44,1.15
4,1,57,0.72,1.56
10,1,3,0.77,1.78
8,0,13,0.89,1.65
9,0,53,0.05,1.0
18,0,42,0.1,1.21
14,0,16,0.37,1.25
2,0,25,0.67,1.42
13,1,30,0.79,1.54
8,0,42,0.52,1.36
4,1,2,0.44,1.59
12,1,0,0.89,2.19
6,0,35,0.02,1.0
8,0,44,0.82,1.58
2,0,53,0.4,1.16
15,0,58,0.66,1.41
5,0,59,0.21,1.03
12,0,20,0.05,1.05
13,0,31,0.23,1.0
3,0,27,0.36,1.16
16,1,29,0.15,1.13
18,0,49,0.27,1.25
2,0,4,0.32,1.31
1,1,50,0.52,1.51
22,0,58,0.42,1.48
20,0,14,0.51,1.62
13,0,24,0.46,1.22
9,0,0,0.98,2.05
3,0,25,0.62,1.36
12,0,40,0.5,1.16
13,0,2,0.01,1.22
17,0,17,0.01,1.0
15,0,43,0.03,1.0
5,0,25,0.94,1.6
6,0,57,0.27,1.01
19,0,49,0.1,1.0
11,0,29,0.36,1.18
19,1,33,0.26,1.43
9,0,51,0.33,1.23
23,0,1,0.73,1.76
20,0,54,0.62,1.68
21,0,6,0.63,1.75
19,0,8,0.44,1.49
7,0,57,0.92,1.63
7,1,52,0.7,1.54
14,0,52,0.64,1.43
11,1,22,0.78,1.5
12,0,36,0.16,1.0
11,0,55,0.61,1.38
6,0,48,0.78,1.39
4,0,5,0.84,1.67
15,0,33,0.28,1.0
6,0,39,0.76,1.39
10,0,19,0.24,1.0
21,1,42,0.13,1.38
20,1,57,0.89,2.01
15,0,48,0.27,1.0
3,0,17,0.44,1.21
0,1,33,0.25,1.19
18,0,60,0.02,1.0
0,0,19,0.66,1.38
19,1,12,0.37,1.65
18,0,43,0.81,1.84
10,0,51,0.6,1.39
23,0,8,0.63,1.4
2,0,58,0.42,1.16
15,1,48,0.67,1.55
2,1,8,0.32,1.39
3,1,41,0.55,1.58
4,0,39,0.15,1.01
13,0,16,0.2,1.03
5,0,0,0.18,1.41
7,1,18,0.25,1.11
20,0,25,0.79,1.64
8,0,45,0.85,1.58
22,0,47,0.7,1.62
4,0,47,0.4,1.22
0,0,1,0.77,1.82
5,0,17,0.05,1.02
10,0,10,0.42,1.19
0,1,3,0.75,1.77
7,0,7,0.1,1.14
6,0,1,0.94,2.03
19,0,23,0.38,1.48
5,0,40,0.28,1.0
8,0,24,0.72,1.4
17,0,28,0.93,1.64
3,1,4,0.26,1.29
19,0,38,0.45,1.4
20,1,25,0.36,1.58
10,0,39,0.14,1.0
13,0,40,0.44,1.25
23,1,32,0.16,1.13
7,0,55,0.19,1.0
9,0,44,0.61,1.41
20,0,50,0.47,1.47
23,1,45,0.97,1.72
19,0,17,0.04,1.0
11,0,22,0.92,1.61
15,1,50,0.71,1.55
9,1,49,0.46,1.32
0,0,21,0.59,1.41
0,0,1,0.93,1.97
16,0,37,0.96,1.58
16,0,52,0.53,1.42
12,0,2,0.13,1.24
7,1,1,0.91,2.16
8,1,46,0.68,1.59
15,0,4,0.47,1.34
16,1,26,0.77,1.51
5,0,31,0.42,1.2
8,0,27,0.41,1.15
12,1,52,0.74,1.56
2,1,36,0.65,1.6
10,0,7,0.08,1.15
11,0,26,0.37,1.19
22,0,51,0.14,1.23
16,0,46,0.73,1.39
5,0,26,0.99,1.63
11,1,45,0.87,1.74
13,0,58,0.01,1.0
2,1,11,0.18,1.13
22,0,35,0.54,1.62
1,0,17,0.94,1.58
10,1,3,0.48,1.55
17,1,26,0.93,1.74
5,1,59,0.16,1.16
16,0,22,0.15,1.0
23,0,28,0.83,1.61
15,0,39,0.15,1.02
18,1,3,0.72,1.99
16,0,11,0.32,1.17
15,0,53,0.38,1.23
5,0,49,0.04,1.0
11,1,42,0.31,1.38
2,1,28,0.9,1.74
3,0,52,0.92,1.59
3,0,53,0.04,1.04
22,1,11,0.64,1.81
4,0,8,0.74,1.39
19,0,51,0.23,1.24
8,0,47,0.22,1.0
7,0,25,0.46,1.18
1,0,1,0.35,1.55
5,0,12,0.67,1.44
0,1,60,0.11,1.11
19,0,38,0.66,1.62
9,0,50,0.06,1.0
2,0,59,0.25,1.0
6,0,10,0.77,1.41
23,0,2,0.69,1.63
22,1,31,0.35,1.64
9,0,53,0.3,1.2
14,0,44,0.15,1.02
0,1,25,0.92,1.77
11,0,1,0.85,1.98
3,1,5,0.39,1.42
22,0,40,0.44,1.5
6,0,25,0.73,1.4
13,0,43,0.95,1.59
21,0,1,0.09,1.37
11,0,42,0.16,1.0
3,1,30,0.62,1.53
11,1,2,0.64,1.79
16,0,34,0.32,1.19
1,0,30,0.17,1.03
17,1,58,0.58,1.54
2,0,8,0.23,1.0
4,0,49,0.78,1.38
19,1,57,0.51,1.83
21,1,3,0.57,1.98
12,0,38,0.04,1.0
17,1,15,0.67,1.6
10,0,3,0.87,1.79
0,1,41,0.73,1.6
20,0,50,0.57,1.64
22,0,5,0.6,1.73
10,0,11,0.56,1.39
13,1,14,0.18,1.11
11,0,26,0.21,1.02
10,0,50,0.12,1.04
4,0,21,0.99,1.64
10,0,34,0.01,1.0
13,0,22,0.98,1.62
5,0,34,0.34,1.2
9,1,5,0.44,1.4
15,0,56,0.38,1.16
10,0,43,0.38,1.25
6,0,54,0.72,1.41
8,1,34,0.27,1.1
13,1,15,0.12,1.14
11,0,32,0.69,1.36
14,0,12,0.52,1.38
5,1,38,0.93,1.75
1,0,50,0.68,1.4
22,0,52,0.65,1.7
5,1,0,0.63,1.96
1,1,40,0.05,1.04
0,1,53,0.51,1.54
21,1,5,0.55,1.87
8,1,35,0.86,1.76
5,0,55,0.92,1.55
16,0,37,0.12,1.0
16,0,21,0.75,1.38
23,0,18,0.42,1.16
18,1,13,0.43,1.58
15,1,33,0.13,1.15
0,0,6,0.67,1.55
8,0,13,0.94,1.64
23,1,21,0.34,1.33
5,0,4,0.81,1.68
3,0,8,0.32,1.2
6,0,49,0.5,1.36
19,1,15,0.77,1.77
2,0,14,0.73,1.45
11,0,2,0.58,1.62
7,0,38,0.16,1.02
1,0,50,0.09,1.02
18,0,27,0.26,1.27
0,0,27,0.11,1.0
2,1,4,0.65,1.63
15,0,23,0.31,1.15
14,0,5,0.98,1.72
3,0,14,0.33,1.18
9,0,50,0.65,1.38
13,0,5,0.2,1.1
11,1,45,0.95,1.74
3,0,38,0.41,1.22
13,0,0,0.91,2.02
11,0,23,0.64,1.39
20,0,35,0.71,1.61
11,0,29,0.95,1.56
2,0,15,0.56,1.39
17,0,11,0.33,1.17
6,0,12,0.88,1.6
1,0,43,0.81,1.6
3,0,54,0.17,1.0
6,1,6,0.48,1.44
18,0,44,0.6,1.7
7,1,40,0.81,1.8
3,0,44,0.14,1.02
10,0,58,0.7,1.38
1,0,13,0.03,1.0
6,1,29,0.94,1.77
23,1,37,0.46,1.38
5,0,6,0.86,1.73
2,0,43,0.0,1.01
19,0,10,0.94,1.89
4,0,34,0.99,1.55
15,1,30,0.23,1.14
7,1,45,0.47,1.38
22,0,50,0.34,1.41
4,0,13,0.24,1.0
15,0,48,0.68,1.44
11,0,46,0.16,1.03
4,0,49,0.87,1.59
6,0,4,0.04,1.12
5,0,44,0.9,1.55
23,0,11,0.0,1.02
22,1,16,0.52,1.75
22,0,22,0.97,1.82
9,1,46,0.08,1.0
6,0,60,0.63,1.4
16,1,6,0.54,1.61
4,0,42,0.16,1.04
4,0,23,0.34,1.16
23,1,5,0.65,1.69
7,0,40,0.99,1.58
1,0,54,0.32,1.23
1,0,59,0.91,1.55
16,0,31,0.57,1.43
13,0,48,0.88,1.62
6,1,32,0.16,1.11
16,0,22,0.0,1.0
13,0,30,0.17,1.0
20,0,45,0.01,1.0
5,0,55,0.78,1.38
8,0,36,0.69,1.4
20,0,51,0.11,1.28
8,0,54,0.53,1.4
6,0,41,0.27,1.04
8,0,57,0.99,1.65
21,0,52,0.7,1.66
21,1,39,0.86,1.96
15,0,11,0.16,1.0
6,0,45,0.24,1.0
17,0,26,0.27,1.02
10,0,54,0.37,1.15
2,0,39,0.89,1.56
6,1,24,0.57,1.56
1,0,42,0.08,1.0
5,1,58,0.05,1.01
18,0,2,0.22,1.45
10,0,12,0.07,1.0
20,0,46,0.91,1.85
3,0,38,0.14,1.0
5,0,22,0.66,1.36
23,1,52,0.43,1.38
3,1,23,0.25,1.16
8,0,44,0.86,1.6
20,1,39,0.41,1.62
19,0,34,0.34,1.4
6,1,20,0.13,1.17
15,1,48,0.64,1.51
6,0,35,0.05,1.03
12,0,52,0.19,1.05
0,1,32,0.7,1.55
3,1,19,0.41,1.34
15,0,13,0.98,1.6
9,1,40,0.45,1.36
14,1,56,0.28,1.17
7,1,4,0.21,1.25
12,1,39,0.14,1.17
19,0,9,0.43,1.45
20,0,51,0.14,1.27
9,1,29,0.57,1.55
23,0,46,0.48,1.19
21,0,30,0.82,1.86
8,0,30,0.53,1.36
2,0,25,0.49,1.18
21,1,52,0.79,1.79
10,1,46,0.44,1.37
12,0,17,0.42,1.23
10,1,44,0.44,1.36
15,0,41,0.54,1.4
8,0,21,0.88,1.55
10,0,59,0.41,1.16
20,0,57,0.26,1.27
11,0,3,0.42,1.41
23,0,6,0.27,1.13
2,0,43,0.71,1.43
22,0,10,0.71,1.61
17,0,1,0.44,1.64
4,1,22,0.05,1.04
5,1,8,0.75,1.5
3,1,36,0.86,1.74
15,0,30,0.74,1.43
3,1,49,0.93,1.74
5,0,18,0.85,1.59
4,0,8,0.89,1.63
18,1,16,0.67,1.75
21,0,33,0.22,1.26
9,1,19,0.8,1.55
21,0,30,0.59,1.6
20,0,41,0.27,1.28
4,1,21,0.18,1.15
23,0,19,0.73,1.44
9,0,46,0.29,1.05
7,1,25,0.13,1.19
7,0,59,0.17,1.02
17,0,57,0.02,1.02
7,0,19,0.46,1.21
23,1,52,0.63,1.54
1,0,55,0.81,1.6
12,0,19,0.32,1.21
22,0,9,0.61,1.67
20,1,13,0.11,1.37
6,0,33,0.57,1.42
17,1,10,0.33,1.38
11,0,58,0.41,1.21
22,1,19,0.35,1.57
3,0,17,0.25,1.02
4,0,18,0.95,1.64
4,0,18,0.18,1.03
18,0,49,0.44,1.43
2,0,46,0.08,1.0
19,0,24,0.54,1.64
12,1,21,0.62,1.58
11,0,1,0.16,1.35
10,0,13,0.27,1.0
0,0,43,0.22,1.0
23,0,33,0.37,1.22
16,1,55,0.76,1.51
8,0,41,0.8,1.42
4,0,36,0.09,1.04
5,1,17,0.95,1.76
11,0,6,0.56,1.49
20,1,38,0.59,1.79
13,0,40,0.92,1.64
16,1,60,0.02,1.02
10,0,40,0.63,1.43
7,0,52,0.6,1.38
12,0,45,0.26,1.03
2,0,31,0.48,1.22
8,1,35,0.64,1.52
19,0,6,0.0,1.11
13,0,26,0.88,1.57
3,1,41,0.18,1.11
2,0,38,0.61,1.41
9,0,59,0.87,1.61
13,0,27,0.97,1.59
15,0,54,0.22,1.02
16,1,30,0.17,1.14
17,1,41,0.21,1.15
